character,skin,filename,url,local_path,mime,size,timestamp
2B,(Metamorphic Damage),2B_(Metamorphic_Damage)_MI.png,https://static.wikia.nocookie.net/nikke-goddess-of-victory-international/images/9/94/2B_%28Metamorphic_Damage%29_MI.png/revision/latest?cb=20231123052255,nikke_mi_cards\2B\2B_(Metamorphic_Damage)_MI.png,image/png,187052,2023-11-23T05:22:55Z
2B,(YoRHa Uniform 1),2B_(YoRHa_Uniform_1)_MI.png,https://static.wikia.nocookie.net/nikke-goddess-of-victory-international/images/2/20/2B_%28YoRHa_Uniform_1%29_MI.png/revision/latest?cb=20231123052256,nikke_mi_cards\2B\2B_(YoRHa_Uniform_1)_MI.png,image/png,208313,2023-11-23T05:22:56Z
2B,(YoRHa Unofficial Waterfront Gear I),2B_(YoRHa_Unofficial_Waterfront_Gear_I)_MI.png,https://static.wikia.nocookie.net/nikke-goddess-of-victory-international/images/e/e6/2B_%28YoRHa_Unofficial_Waterfront_Gear_I%29_MI.png/revision/latest?cb=20250703121838,nikke_mi_cards\2B\2B_(YoRHa_Unofficial_Waterfront_Gear_I)_MI.png,image/png,166178,2025-07-03T12:18:38Z
2B,default,2B_MI.png,https://static.wikia.nocookie.net/nikke-goddess-of-victory-international/images/1/16/2B_MI.png/revision/latest?cb=20231123052257,nikke_mi_cards\2B\2B_MI.png,image/png,187052,2023-11-23T05:22:57Z
A2,(Metamorphic Damage),A2_(Metamorphic_Damage)_MI.png,https://static.wikia.nocookie.net/nikke-goddess-of-victory-international/images/6/6d/A2_%28Metamorphic_Damage%29_MI.png/revision/latest?cb=20231123052258,nikke_mi_cards\A2\A2_(Metamorphic_Damage)_MI.png,image/png,193922,2023-11-23T05:22:58Z
A2,(YoRHa Uniform Prototype),A2_(YoRHa_Uniform_Prototype)_MI.png,https://static.wikia.nocookie.net/nikke-goddess-of-victory-international/images/7/79/A2_%28YoRHa_Uniform_Prototype%29_MI.png/revision/latest?cb=20231123052259,nikke_mi_cards\A2\A2_(YoRHa_Uniform_Prototype)_MI.png,image/png,216350,2023-11-23T05:22:59Z
A2,(YoRHa Unofficial Waterfront Gear Prototype),A2_(YoRHa_Unofficial_Waterfront_Gear_Prototype)_MI.png,https://static.wikia.nocookie.net/nikke-goddess-of-victory-international/images/4/4b/A2_%28YoRHa_Unofficial_Waterfront_Gear_Prototype%29_MI.png/revision/latest?cb=20250703122427,nikke_mi_cards\A2\A2_(YoRHa_Unofficial_Waterfront_Gear_Prototype)_MI.png,image/png,189556,2025-07-03T12:24:27Z
A2,default,A2_MI.png,https://static.wikia.nocookie.net/nikke-goddess-of-victory-international/images/0/0d/A2_MI.png/revision/latest?cb=20231123052300,nikke_mi_cards\A2\A2_MI.png,image/png,208356,2023-11-23T05:23:00Z
Ada,Wong (Dress),Ada_Wong_(Dress)_MI.png,https://static.wikia.nocookie.net/nikke-goddess-of-victory-international/images/4/42/Ada_Wong_%28Dress%29_MI.png/revision/latest?cb=20250924131312,nikke_mi_cards\Ada\Ada_Wong_(Dress)_MI.png,image/png,152092,2025-09-24T13:13:12Z
Ada,Wong (Separate Ways),Ada_Wong_(Separate_Ways)_MI.png,https://static.wikia.nocookie.net/nikke-goddess-of-victory-international/images/4/4a/Ada_Wong_%28Separate_Ways%29_MI.png/revision/latest?cb=20250924131314,nikke_mi_cards\Ada\Ada_Wong_(Separate_Ways)_MI.png,image/png,174692,2025-09-24T13:13:14Z
Ada,Wong,Ada_Wong_MI.png,https://static.wikia.nocookie.net/nikke-goddess-of-victory-international/images/4/4b/Ada_Wong_MI.png/revision/latest?cb=20250924131313,nikke_mi_cards\Ada\Ada_Wong_MI.png,image/png,164532,2025-09-24T13:13:13Z
Add,character,Add_character_MI.png,https://static.wikia.nocookie.net/nikke-goddess-of-victory-international/images/f/fd/Add_character_MI.png/revision/latest?cb=20231123052301,nikke_mi_cards\Add\Add_character_MI.png,image/png,13026,2023-11-23T05:23:01Z
Ade,(Maid In Spring),Ade_(Maid_In_Spring)_MI.png,https://static.wikia.nocookie.net/nikke-goddess-of-victory-international/images/6/61/Ade_%28Maid_In_Spring%29_MI.png/revision/latest?cb=20250328025733,nikke_mi_cards\Ade\Ade_(Maid_In_Spring)_MI.png,image/png,181861,2025-03-28T02:57:33Z
Ade,Agent Bunny,Ade_Agent_Bunny_MI.png,https://static.wikia.nocookie.net/nikke-goddess-of-victory-international/images/0/02/Ade_Agent_Bunny_MI.png/revision/latest?cb=20250904112402,nikke_mi_cards\Ade\Ade_Agent_Bunny_MI.png,image/png,189061,2025-09-04T11:24:02Z
Ade,default,Ade_MI.png,https://static.wikia.nocookie.net/nikke-goddess-of-victory-international/images/9/99/Ade_MI.png/revision/latest?cb=20240205204813,nikke_mi_cards\Ade\Ade_MI.png,image/png,220176,2024-02-05T20:48:13Z
Admi,default,Admi_MI.png,https://static.wikia.nocookie.net/nikke-goddess-of-victory-international/images/f/fd/Admi_MI.png/revision/latest?cb=20231123052302,nikke_mi_cards\Admi\Admi_MI.png,image/png,218154,2023-11-23T05:23:02Z
Alice,(Märchen Dream),Alice_(Märchen_Dream)_MI.png,https://static.wikia.nocookie.net/nikke-goddess-of-victory-international/images/2/2a/Alice_%28M%C3%A4rchen_Dream%29_MI.png/revision/latest?cb=20251230124752,nikke_mi_cards\Alice\Alice_(Märchen_Dream)_MI.png,image/png,237165,2025-12-30T12:47:52Z
Alice,(Sweet Home),Alice_(Sweet_Home)_MI.png,https://static.wikia.nocookie.net/nikke-goddess-of-victory-international/images/0/08/Alice_%28Sweet_Home%29_MI.png/revision/latest?cb=20231123052303,nikke_mi_cards\Alice\Alice_(Sweet_Home)_MI.png,image/png,204938,2023-11-23T05:23:03Z
Alice,default,Alice_MI.png,https://static.wikia.nocookie.net/nikke-goddess-of-victory-international/images/c/ce/Alice_MI.png/revision/latest?cb=20231123052304,nikke_mi_cards\Alice\Alice_MI.png,image/png,232169,2023-11-23T05:23:04Z
Alice,Wonderland Bunny,Alice_Wonderland_Bunny_MI.png,https://static.wikia.nocookie.net/nikke-goddess-of-victory-international/images/d/d5/Alice_Wonderland_Bunny_MI.png/revision/latest?cb=20240530180845,nikke_mi_cards\Alice\Alice_Wonderland_Bunny_MI.png,image/png,221455,2024-05-30T18:08:45Z
Anchor,(Anchor the Diver),Anchor_(Anchor_the_Diver)_MI.png,https://static.wikia.nocookie.net/nikke-goddess-of-victory-international/images/c/c1/Anchor_%28Anchor_the_Diver%29_MI.png/revision/latest?cb=20240704114853,nikke_mi_cards\Anchor\Anchor_(Anchor_the_Diver)_MI.png,image/png,187344,2024-07-04T11:48:53Z
Anchor,Innocent Maid,Anchor_Innocent_Maid_MI.png,https://static.wikia.nocookie.net/nikke-goddess-of-victory-international/images/1/12/Anchor_Innocent_Maid_MI.png/revision/latest?cb=20250123133848,nikke_mi_cards\Anchor\Anchor_Innocent_Maid_MI.png,image/png,210477,2025-01-23T13:38:48Z
Anchor,default,Anchor_MI.png,https://static.wikia.nocookie.net/nikke-goddess-of-victory-international/images/d/d1/Anchor_MI.png/revision/latest?cb=20231123052305,nikke_mi_cards\Anchor\Anchor_MI.png,image/png,210723,2023-11-23T05:23:05Z
Anis,default,Anis_MI.png,https://static.wikia.nocookie.net/nikke-goddess-of-victory-international/images/b/bc/Anis_MI.png/revision/latest?cb=20231123052306,nikke_mi_cards\Anis\Anis_MI.png,image/png,221632,2023-11-23T05:23:06Z
Anis,Sparkling Summer,Anis_Sparkling_Summer_MI.png,https://static.wikia.nocookie.net/nikke-goddess-of-victory-international/images/e/ea/Anis_Sparkling_Summer_MI.png/revision/latest?cb=20231123052305,nikke_mi_cards\Anis\Anis_Sparkling_Summer_MI.png,image/png,186671,2023-11-23T05:23:05Z
Anis,Star (Starlight),Anis_Star_(Starlight)_MI.png,https://static.wikia.nocookie.net/nikke-goddess-of-victory-international/images/3/3c/Anis_Star_%28Starlight%29_MI.png/revision/latest?cb=20260423125523,nikke_mi_cards\Anis\Anis_Star_(Starlight)_MI.png,image/png,264691,2026-04-23T12:55:23Z
Anis,Star (T.T. Star),Anis_Star_(T.T._Star)_MI.png,https://static.wikia.nocookie.net/nikke-goddess-of-victory-international/images/3/3f/Anis_Star_%28T.T._Star%29_MI.png/revision/latest?cb=20260423125406,nikke_mi_cards\Anis\Anis_Star_(T.T._Star)_MI.png,image/png,228745,2026-04-23T12:54:06Z
Anis,Star,Anis_Star_MI.png,https://static.wikia.nocookie.net/nikke-goddess-of-victory-international/images/5/5e/Anis_Star_MI.png/revision/latest?cb=20260423125411,nikke_mi_cards\Anis\Anis_Star_MI.png,image/png,222611,2026-04-23T12:54:11Z
Anne,Miracle Fairy,Anne_Miracle_Fairy_MI.png,https://static.wikia.nocookie.net/nikke-goddess-of-victory-international/images/8/8f/Anne_Miracle_Fairy_MI.png/revision/latest?cb=20231123052307,nikke_mi_cards\Anne\Anne_Miracle_Fairy_MI.png,image/png,236208,2023-11-23T05:23:07Z
Arcana,Fortune Mate,Arcana_Fortune_Mate_MI.png,https://static.wikia.nocookie.net/nikke-goddess-of-victory-international/images/d/d7/Arcana_Fortune_Mate_MI.png/revision/latest?cb=20260319112400,nikke_mi_cards\Arcana\Arcana_Fortune_Mate_MI.png,image/png,207049,2026-03-19T11:24:00Z
Arcana,default,Arcana_MI.png,https://static.wikia.nocookie.net/nikke-goddess-of-victory-international/images/8/8b/Arcana_MI.png/revision/latest?cb=20250515114927,nikke_mi_cards\Arcana\Arcana_MI.png,image/png,199362,2025-05-15T11:49:27Z
Aria,default,Aria_MI.png,https://static.wikia.nocookie.net/nikke-goddess-of-victory-international/images/d/da/Aria_MI.png/revision/latest?cb=20231123052308,nikke_mi_cards\Aria\Aria_MI.png,image/png,171632,2023-11-23T05:23:08Z
Ark,Ranger Black,Ark_Ranger_Black_MI.png,https://static.wikia.nocookie.net/nikke-goddess-of-victory-international/images/2/27/Ark_Ranger_Black_MI.png/revision/latest?cb=20260611124055,nikke_mi_cards\Ark\Ark_Ranger_Black_MI.png,image/png,190320,2026-06-11T12:40:55Z
Asuka,(Asuka's School Uniform),Asuka_(Asuka's_School_Uniform)_MI.png,https://static.wikia.nocookie.net/nikke-goddess-of-victory-international/images/b/b4/Asuka_%28Asuka%27s_School_Uniform%29_MI.png/revision/latest?cb=20240822014616,nikke_mi_cards\Asuka\Asuka_(Asuka's_School_Uniform)_MI.png,image/png,208877,2024-08-22T01:46:16Z
Asuka,(Cynical Street),Asuka_(Cynical_Street)_MI.png,https://static.wikia.nocookie.net/nikke-goddess-of-victory-international/images/0/0a/Asuka_%28Cynical_Street%29_MI.png/revision/latest?cb=20240822014621,nikke_mi_cards\Asuka\Asuka_(Cynical_Street)_MI.png,image/png,212650,2024-08-22T01:46:21Z
Asuka,(Test Plugsuit),Asuka_(Test_Plugsuit)_MI.png,https://static.wikia.nocookie.net/nikke-goddess-of-victory-international/images/0/06/Asuka_%28Test_Plugsuit%29_MI.png/revision/latest?cb=20240822014611,nikke_mi_cards\Asuka\Asuka_(Test_Plugsuit)_MI.png,image/png,218292,2024-08-22T01:46:11Z
Asuka,default,Asuka_MI.png,https://static.wikia.nocookie.net/nikke-goddess-of-victory-international/images/f/f2/Asuka_MI.png/revision/latest?cb=20240822014625,nikke_mi_cards\Asuka\Asuka_MI.png,image/png,214152,2024-08-22T01:46:25Z
Asuka,WILLE (Final Battle),Asuka_WILLE_(Final_Battle)_MI.png,https://static.wikia.nocookie.net/nikke-goddess-of-victory-international/images/8/85/Asuka_WILLE_%28Final_Battle%29_MI.png/revision/latest?cb=20250220151811,nikke_mi_cards\Asuka\Asuka_WILLE_(Final_Battle)_MI.png,image/png,201618,2025-02-20T15:18:11Z
Asuka,WILLE (Ocean's Lament),Asuka_WILLE_(Ocean's_Lament)_MI.png,https://static.wikia.nocookie.net/nikke-goddess-of-victory-international/images/8/89/Asuka_WILLE_%28Ocean%27s_Lament%29_MI.png/revision/latest?cb=20250220151817,nikke_mi_cards\Asuka\Asuka_WILLE_(Ocean's_Lament)_MI.png,image/png,221733,2025-02-20T15:18:17Z
Asuka,WILLE,Asuka_WILLE_MI.png,https://static.wikia.nocookie.net/nikke-goddess-of-victory-international/images/3/3f/Asuka_WILLE_MI.png/revision/latest?cb=20250220151818,nikke_mi_cards\Asuka\Asuka_WILLE_MI.png,image/png,201239,2025-02-20T15:18:18Z
Avistar,default,Avistar_MI.png,https://static.wikia.nocookie.net/nikke-goddess-of-victory-international/images/6/61/Avistar_MI.png/revision/latest?cb=20260423125404,nikke_mi_cards\Avistar\Avistar_MI.png,image/png,241063,2026-04-23T12:54:04Z
Bay,(Radiant Rabbit),Bay_(Radiant_Rabbit)_MI.png,https://static.wikia.nocookie.net/nikke-goddess-of-victory-international/images/a/a5/Bay_%28Radiant_Rabbit%29_MI.png/revision/latest?cb=20250904112952,nikke_mi_cards\Bay\Bay_(Radiant_Rabbit)_MI.png,image/png,201852,2025-09-04T11:29:52Z
Bay,default,Bay_MI.png,https://static.wikia.nocookie.net/nikke-goddess-of-victory-international/images/3/36/Bay_MI.png/revision/latest?cb=20240411193921,nikke_mi_cards\Bay\Bay_MI.png,image/png,218711,2024-04-11T19:39:21Z
Belorta,default,Belorta_MI.png,https://static.wikia.nocookie.net/nikke-goddess-of-victory-international/images/0/07/Belorta_MI.png/revision/latest?cb=20231123052309,nikke_mi_cards\Belorta\Belorta_MI.png,image/png,214420,2023-11-23T05:23:09Z
Biscuit,(Spring Puppy),Biscuit_(Spring_Puppy)_MI.png,https://static.wikia.nocookie.net/nikke-goddess-of-victory-international/images/f/fa/Biscuit_%28Spring_Puppy%29_MI.png/revision/latest?cb=20250220141622,nikke_mi_cards\Biscuit\Biscuit_(Spring_Puppy)_MI.png,image/png,229341,2025-02-20T14:16:22Z
Biscuit,default,Biscuit_MI.png,https://static.wikia.nocookie.net/nikke-goddess-of-victory-international/images/2/21/Biscuit_MI.png/revision/latest?cb=20231123052310,nikke_mi_cards\Biscuit\Biscuit_MI.png,image/png,221139,2023-11-23T05:23:10Z
Blanc,(Fortune Express),Blanc_(Fortune_Express)_MI.png,https://static.wikia.nocookie.net/nikke-goddess-of-victory-international/images/3/38/Blanc_%28Fortune_Express%29_MI.png/revision/latest?cb=20251204125353,nikke_mi_cards\Blanc\Blanc_(Fortune_Express)_MI.png,image/png,206600,2025-12-04T12:53:53Z
Blanc,(No. 77 Batter),Blanc_(No._77_Batter)_MI.png,https://static.wikia.nocookie.net/nikke-goddess-of-victory-international/images/6/69/Blanc_%28No._77_Batter%29_MI.png/revision/latest?cb=20250529115337,nikke_mi_cards\Blanc\Blanc_(No._77_Batter)_MI.png,image/png,188789,2025-05-29T11:53:37Z
Blanc,(White Rabbit),Blanc_(White_Rabbit)_MI.png,https://static.wikia.nocookie.net/nikke-goddess-of-victory-international/images/2/28/Blanc_%28White_Rabbit%29_MI.png/revision/latest?cb=20231207071824,nikke_mi_cards\Blanc\Blanc_(White_Rabbit)_MI.png,image/png,171090,2023-12-07T07:18:24Z
Blanc,default,Blanc_MI.png,https://static.wikia.nocookie.net/nikke-goddess-of-victory-international/images/8/8c/Blanc_MI.png/revision/latest?cb=20231123052311,nikke_mi_cards\Blanc\Blanc_MI.png,image/png,178188,2023-11-23T05:23:11Z
Bready,(Frosty Bite),Bready_(Frosty_Bite)_MI.png,https://static.wikia.nocookie.net/nikke-goddess-of-victory-international/images/f/fe/Bready_%28Frosty_Bite%29_MI.png/revision/latest?cb=20251204125641,nikke_mi_cards\Bready\Bready_(Frosty_Bite)_MI.png,image/png,171385,2025-12-04T12:56:41Z
Bready,default,Bready_MI.png,https://static.wikia.nocookie.net/nikke-goddess-of-victory-international/images/9/97/Bready_MI.png/revision/latest?cb=20250328024247,nikke_mi_cards\Bready\Bready_MI.png,image/png,169437,2025-03-28T02:42:47Z
Brid,(Black Moon),Brid_(Black_Moon)_MI.png,https://static.wikia.nocookie.net/nikke-goddess-of-victory-international/images/2/25/Brid_%28Black_Moon%29_MI.png/revision/latest?cb=20231123052311,nikke_mi_cards\Brid\Brid_(Black_Moon)_MI.png,image/png,175096,2023-11-23T05:23:11Z
Brid,(Model Worker),Brid_(Model_Worker)_MI.png,https://static.wikia.nocookie.net/nikke-goddess-of-victory-international/images/5/59/Brid_%28Model_Worker%29_MI.png/revision/latest?cb=20231123052313,nikke_mi_cards\Brid\Brid_(Model_Worker)_MI.png,image/png,174016,2023-11-23T05:23:13Z
Brid,default,Brid_MI.png,https://static.wikia.nocookie.net/nikke-goddess-of-victory-international/images/7/78/Brid_MI.png/revision/latest?cb=20231123052312,nikke_mi_cards\Brid\Brid_MI.png,image/png,181494,2023-11-23T05:23:12Z
Brid,Silent Track,Brid_Silent_Track_MI.png,https://static.wikia.nocookie.net/nikke-goddess-of-victory-international/images/7/72/Brid_Silent_Track_MI.png/revision/latest?cb=20251204124215,nikke_mi_cards\Brid\Brid_Silent_Track_MI.png,image/png,185920,2025-12-04T12:42:15Z
Centi,(Ocean Repair),Centi_(Ocean_Repair)_MI.png,https://static.wikia.nocookie.net/nikke-goddess-of-victory-international/images/5/53/Centi_%28Ocean_Repair%29_MI.png/revision/latest?cb=20250612141634,nikke_mi_cards\Centi\Centi_(Ocean_Repair)_MI.png,image/png,201210,2025-06-12T14:16:34Z
Centi,(Supreme Holiday),Centi_(Supreme_Holiday)_MI.png,https://static.wikia.nocookie.net/nikke-goddess-of-victory-international/images/8/85/Centi_%28Supreme_Holiday%29_MI.png/revision/latest?cb=20231123052314,nikke_mi_cards\Centi\Centi_(Supreme_Holiday)_MI.png,image/png,194525,2023-11-23T05:23:14Z
Centi,default,Centi_MI.png,https://static.wikia.nocookie.net/nikke-goddess-of-victory-international/images/a/ad/Centi_MI.png/revision/latest?cb=20231123052315,nikke_mi_cards\Centi\Centi_MI.png,image/png,212012,2023-11-23T05:23:15Z
Chime,default,Chime_MI.png,https://static.wikia.nocookie.net/nikke-goddess-of-victory-international/images/3/3b/Chime_MI.png/revision/latest?cb=20251030193318,nikke_mi_cards\Chime\Chime_MI.png,image/png,229076,2025-10-30T19:33:18Z
Chisato,Nishikigi (DA Training Wear (First)),Chisato_Nishikigi_(DA_Training_Wear_(First))_MI.png,https://static.wikia.nocookie.net/nikke-goddess-of-victory-international/images/c/cd/Chisato_Nishikigi_%28DA_Training_Wear_%28First%29%29_MI.png/revision/latest?cb=20260212130404,nikke_mi_cards\Chisato\Chisato_Nishikigi_(DA_Training_Wear_(First))_MI.png,image/png,189147,2026-02-12T13:04:04Z
Chisato,Nishikigi (Red Spark Guitar),Chisato_Nishikigi_(Red_Spark_Guitar)_MI.png,https://static.wikia.nocookie.net/nikke-goddess-of-victory-international/images/6/67/Chisato_Nishikigi_%28Red_Spark_Guitar%29_MI.png/revision/latest?cb=20260212130409,nikke_mi_cards\Chisato\Chisato_Nishikigi_(Red_Spark_Guitar)_MI.png,image/png,254435,2026-02-12T13:04:09Z
Chisato,Nishikigi,Chisato_Nishikigi_MI.png,https://static.wikia.nocookie.net/nikke-goddess-of-victory-international/images/c/c9/Chisato_Nishikigi_MI.png/revision/latest?cb=20260212130406,nikke_mi_cards\Chisato\Chisato_Nishikigi_MI.png,image/png,222587,2026-02-12T13:04:06Z
Cinderella,(Beautiful Me),Cinderella_(Beautiful_Me)_MI.png,https://static.wikia.nocookie.net/nikke-goddess-of-victory-international/images/9/98/Cinderella_%28Beautiful_Me%29_MI.png/revision/latest?cb=20250424000257,nikke_mi_cards\Cinderella\Cinderella_(Beautiful_Me)_MI.png,image/png,194441,2025-04-24T00:02:57Z
Cinderella,(Glass Princess),Cinderella_(Glass_Princess)_MI.png,https://static.wikia.nocookie.net/nikke-goddess-of-victory-international/images/c/ca/Cinderella_%28Glass_Princess%29_MI.png/revision/latest?cb=20241031011748,nikke_mi_cards\Cinderella\Cinderella_(Glass_Princess)_MI.png,image/png,197697,2024-10-31T01:17:48Z
Cinderella,default,Cinderella_MI.png,https://static.wikia.nocookie.net/nikke-goddess-of-victory-international/images/b/b2/Cinderella_MI.png/revision/latest?cb=20241031011726,nikke_mi_cards\Cinderella\Cinderella_MI.png,image/png,183281,2024-10-31T01:17:26Z
Claire,Redfield,Claire_Redfield_MI.png,https://static.wikia.nocookie.net/nikke-goddess-of-victory-international/images/b/b3/Claire_Redfield_MI.png/revision/latest?cb=20250924133415,nikke_mi_cards\Claire\Claire_Redfield_MI.png,image/png,172658,2025-09-24T13:34:15Z
Clay,(Cheer Up Training),Clay_(Cheer_Up_Training)_MI.png,https://static.wikia.nocookie.net/nikke-goddess-of-victory-international/images/a/a7/Clay_%28Cheer_Up_Training%29_MI.png/revision/latest?cb=20260319114728,nikke_mi_cards\Clay\Clay_(Cheer_Up_Training)_MI.png,image/png,225602,2026-03-19T11:47:28Z
Clay,default,Clay_MI.png,https://static.wikia.nocookie.net/nikke-goddess-of-victory-international/images/a/ab/Clay_MI.png/revision/latest?cb=20240620181112,nikke_mi_cards\Clay\Clay_MI.png,image/png,230527,2024-06-20T18:11:12Z
Cocoa,default,Cocoa_MI.png,https://static.wikia.nocookie.net/nikke-goddess-of-victory-international/images/c/c1/Cocoa_MI.png/revision/latest?cb=20231123052316,nikke_mi_cards\Cocoa\Cocoa_MI.png,image/png,276162,2023-11-23T05:23:16Z
Crow,default,Crow_MI.png,https://static.wikia.nocookie.net/nikke-goddess-of-victory-international/images/6/6c/Crow_MI.png/revision/latest?cb=20231123052317,nikke_mi_cards\Crow\Crow_MI.png,image/png,194836,2023-11-23T05:23:17Z
Crown,(Glorious Flower),Crown_(Glorious_Flower)_MI.png,https://static.wikia.nocookie.net/nikke-goddess-of-victory-international/images/0/08/Crown_%28Glorious_Flower%29_MI.png/revision/latest?cb=20251030193322,nikke_mi_cards\Crown\Crown_(Glorious_Flower)_MI.png,image/png,181806,2025-10-30T19:33:22Z
Crown,(Naked King),Crown_(Naked_King)_MI.png,https://static.wikia.nocookie.net/nikke-goddess-of-victory-international/images/e/e8/Crown_%28Naked_King%29_MI.png/revision/latest?cb=20240502025942,nikke_mi_cards\Crown\Crown_(Naked_King)_MI.png,image/png,228269,2024-05-02T02:59:42Z
Crown,default,Crown_MI.png,https://static.wikia.nocookie.net/nikke-goddess-of-victory-international/images/7/7b/Crown_MI.png/revision/latest?cb=20240425072157,nikke_mi_cards\Crown\Crown_MI.png,image/png,242217,2024-04-25T07:21:57Z
Crust,default,Crust_MI.png,https://static.wikia.nocookie.net/nikke-goddess-of-victory-international/images/3/33/Crust_MI.png/revision/latest?cb=20250410105441,nikke_mi_cards\Crust\Crust_MI.png,image/png,233445,2025-04-10T10:54:41Z
D,Killer Wife (Secret Party Cleaner),D_Killer_Wife_(Secret_Party_Cleaner)_MI.png,https://static.wikia.nocookie.net/nikke-goddess-of-victory-international/images/8/8b/D_Killer_Wife_%28Secret_Party_Cleaner%29_MI.png/revision/latest?cb=20241031011742,nikke_mi_cards\D\D_Killer_Wife_(Secret_Party_Cleaner)_MI.png,image/png,196246,2024-10-31T01:17:42Z
D,Killer Wife (Secret Police),D_Killer_Wife_(Secret_Police)_MI.png,https://static.wikia.nocookie.net/nikke-goddess-of-victory-international/images/3/3f/D_Killer_Wife_%28Secret_Police%29_MI.png/revision/latest?cb=20250924125637,nikke_mi_cards\D\D_Killer_Wife_(Secret_Police)_MI.png,image/png,204340,2025-09-24T12:56:37Z
D,Killer Wife,D_Killer_Wife_MI.png,https://static.wikia.nocookie.net/nikke-goddess-of-victory-international/images/c/c9/D_Killer_Wife_MI.png/revision/latest?cb=20240307130621,nikke_mi_cards\D\D_Killer_Wife_MI.png,image/png,187872,2024-03-07T13:06:21Z
D,default,D_MI.png,https://static.wikia.nocookie.net/nikke-goddess-of-victory-international/images/a/aa/D_MI.png/revision/latest?cb=20231123052318,nikke_mi_cards\D\D_MI.png,image/png,200150,2023-11-23T05:23:18Z
Delta,default,Delta_MI.png,https://static.wikia.nocookie.net/nikke-goddess-of-victory-international/images/6/6f/Delta_MI.png/revision/latest?cb=20231123052318,nikke_mi_cards\Delta\Delta_MI.png,image/png,228609,2023-11-23T05:23:18Z
Delta,Ninja Thief,Delta_Ninja_Thief_MI.png,https://static.wikia.nocookie.net/nikke-goddess-of-victory-international/images/5/52/Delta_Ninja_Thief_MI.png/revision/latest?cb=20251016115417,nikke_mi_cards\Delta\Delta_Ninja_Thief_MI.png,image/png,159993,2025-10-16T11:54:17Z
Diesel,(Black Sunday),Diesel_(Black_Sunday)_MI.png,https://static.wikia.nocookie.net/nikke-goddess-of-victory-international/images/1/18/Diesel_%28Black_Sunday%29_MI.png/revision/latest?cb=20231123052319,nikke_mi_cards\Diesel\Diesel_(Black_Sunday)_MI.png,image/png,193511,2023-11-23T05:23:19Z
Diesel,(Midnight Strawberry),Diesel_(Midnight_Strawberry)_MI.png,https://static.wikia.nocookie.net/nikke-goddess-of-victory-international/images/f/f8/Diesel_%28Midnight_Strawberry%29_MI.png/revision/latest?cb=20240425072852,nikke_mi_cards\Diesel\Diesel_(Midnight_Strawberry)_MI.png,image/png,175641,2024-04-25T07:28:52Z
Diesel,(Strawberry Flower),Diesel_(Strawberry_Flower)_MI.png,https://static.wikia.nocookie.net/nikke-goddess-of-victory-international/images/5/5a/Diesel_%28Strawberry_Flower%29_MI.png/revision/latest?cb=20231123052320,nikke_mi_cards\Diesel\Diesel_(Strawberry_Flower)_MI.png,image/png,195729,2023-11-23T05:23:20Z
Diesel,default,Diesel_MI.png,https://static.wikia.nocookie.net/nikke-goddess-of-victory-international/images/c/c9/Diesel_MI.png/revision/latest?cb=20231123052321,nikke_mi_cards\Diesel\Diesel_MI.png,image/png,219782,2023-11-23T05:23:21Z
Diesel,Winter Sweets,Diesel_Winter_Sweets_MI.png,https://static.wikia.nocookie.net/nikke-goddess-of-victory-international/images/3/3b/Diesel_Winter_Sweets_MI.png/revision/latest?cb=20251204124910,nikke_mi_cards\Diesel\Diesel_Winter_Sweets_MI.png,image/png,191429,2025-12-04T12:49:10Z
Dolla,(Dark Rose),Dolla_(Dark_Rose)_MI.png,https://static.wikia.nocookie.net/nikke-goddess-of-victory-international/images/e/e0/Dolla_%28Dark_Rose%29_MI.png/revision/latest?cb=20231123052322,nikke_mi_cards\Dolla\Dolla_(Dark_Rose)_MI.png,image/png,186191,2023-11-23T05:23:22Z
Dolla,default,Dolla_MI.png,https://static.wikia.nocookie.net/nikke-goddess-of-victory-international/images/6/60/Dolla_MI.png/revision/latest?cb=20231123052323,nikke_mi_cards\Dolla\Dolla_MI.png,image/png,192923,2023-11-23T05:23:23Z
Dorothy,(Luna Light),Dorothy_(Luna_Light)_MI.png,https://static.wikia.nocookie.net/nikke-goddess-of-victory-international/images/a/a6/Dorothy_%28Luna_Light%29_MI.png/revision/latest?cb=20260423125514,nikke_mi_cards\Dorothy\Dorothy_(Luna_Light)_MI.png,image/png,207831,2026-04-23T12:55:14Z
Dorothy,(Nostalgia),Dorothy_(Nostalgia)_MI.png,https://static.wikia.nocookie.net/nikke-goddess-of-victory-international/images/8/8e/Dorothy_%28Nostalgia%29_MI.png/revision/latest?cb=20231123061203,nikke_mi_cards\Dorothy\Dorothy_(Nostalgia)_MI.png,image/png,229907,2023-11-23T06:12:03Z
Dorothy,default,Dorothy_MI.png,https://static.wikia.nocookie.net/nikke-goddess-of-victory-international/images/b/b2/Dorothy_MI.png/revision/latest?cb=20231123052324,nikke_mi_cards\Dorothy\Dorothy_MI.png,image/png,228354,2023-11-23T05:23:24Z
Dorothy,Serendipity,Dorothy_Serendipity_MI.png,https://static.wikia.nocookie.net/nikke-goddess-of-victory-international/images/f/f1/Dorothy_Serendipity_MI.png/revision/latest?cb=20250717111357,nikke_mi_cards\Dorothy\Dorothy_Serendipity_MI.png,image/png,246126,2025-07-17T11:13:57Z
Drake,(Maid For Villain),Drake_(Maid_For_Villain)_MI.png,https://static.wikia.nocookie.net/nikke-goddess-of-victory-international/images/9/90/Drake_%28Maid_For_Villain%29_MI.png/revision/latest?cb=20240212154643,nikke_mi_cards\Drake\Drake_(Maid_For_Villain)_MI.png,image/png,166277,2024-02-12T15:46:43Z
Drake,(Villain Racer),Drake_(Villain_Racer)_MI.png,https://static.wikia.nocookie.net/nikke-goddess-of-victory-international/images/5/51/Drake_%28Villain_Racer%29_MI.png/revision/latest?cb=20231123052325,nikke_mi_cards\Drake\Drake_(Villain_Racer)_MI.png,image/png,201351,2023-11-23T05:23:25Z
Drake,default,Drake_MI.png,https://static.wikia.nocookie.net/nikke-goddess-of-victory-international/images/e/e9/Drake_MI.png/revision/latest?cb=20231123052326,nikke_mi_cards\Drake\Drake_MI.png,image/png,183251,2023-11-23T05:23:26Z
E.H.,(Junkyard Vanguard),E.H._(Junkyard_Vanguard)_MI.png,https://static.wikia.nocookie.net/nikke-goddess-of-victory-international/images/6/63/E.H._%28Junkyard_Vanguard%29_MI.png/revision/latest?cb=20260611124053,nikke_mi_cards\E.H.\E.H._(Junkyard_Vanguard)_MI.png,image/png,187341,2026-06-11T12:40:53Z
E.H.,default,E.H._MI.png,https://static.wikia.nocookie.net/nikke-goddess-of-victory-international/images/1/10/E.H._MI.png/revision/latest?cb=20260305130038,nikke_mi_cards\E.H.\E.H._MI.png,image/png,192134,2026-03-05T13:00:38Z
EVE,(Keyhole Dress),EVE_(Keyhole_Dress)_MI.png,https://static.wikia.nocookie.net/nikke-goddess-of-victory-international/images/7/7b/EVE_%28Keyhole_Dress%29_MI.png/revision/latest?cb=20250612144723,nikke_mi_cards\EVE\EVE_(Keyhole_Dress)_MI.png,image/png,221646,2025-06-12T14:47:23Z
EVE,(Neurolink Suit),EVE_(Neurolink_Suit)_MI.png,https://static.wikia.nocookie.net/nikke-goddess-of-victory-international/images/2/22/EVE_%28Neurolink_Suit%29_MI.png/revision/latest?cb=20250612144713,nikke_mi_cards\EVE\EVE_(Neurolink_Suit)_MI.png,image/png,180447,2025-06-12T14:47:13Z
EVE,(Skin Suit),EVE_(Skin_Suit)_MI.png,https://static.wikia.nocookie.net/nikke-goddess-of-victory-international/images/7/73/EVE_%28Skin_Suit%29_MI.png/revision/latest?cb=20250612144715,nikke_mi_cards\EVE\EVE_(Skin_Suit)_MI.png,image/png,204679,2025-06-12T14:47:15Z
EVE,default,EVE_MI.png,https://static.wikia.nocookie.net/nikke-goddess-of-victory-international/images/4/4a/EVE_MI.png/revision/latest?cb=20250612144721,nikke_mi_cards\EVE\EVE_MI.png,image/png,220549,2025-06-12T14:47:21Z
Ein,(Handmade Festa),Ein_(Handmade_Festa)_MI.png,https://static.wikia.nocookie.net/nikke-goddess-of-victory-international/images/a/a7/Ein_%28Handmade_Festa%29_MI.png/revision/latest?cb=20241227012857,nikke_mi_cards\Ein\Ein_(Handmade_Festa)_MI.png,image/png,213836,2024-12-27T01:28:57Z
Ein,default,Ein_MI.png,https://static.wikia.nocookie.net/nikke-goddess-of-victory-international/images/0/05/Ein_MI.png/revision/latest?cb=20240725132002,nikke_mi_cards\Ein\Ein_MI.png,image/png,202014,2024-07-25T13:20:02Z
Elegg,Boom and Shock,Elegg_Boom_and_Shock_MI.png,https://static.wikia.nocookie.net/nikke-goddess-of-victory-international/images/4/45/Elegg_Boom_and_Shock_MI.png/revision/latest?cb=20250717112805,nikke_mi_cards\Elegg\Elegg_Boom_and_Shock_MI.png,image/png,182987,2025-07-17T11:28:05Z
Elegg,default,Elegg_MI.png,https://static.wikia.nocookie.net/nikke-goddess-of-victory-international/images/8/88/Elegg_MI.png/revision/latest?cb=20240222133156,nikke_mi_cards\Elegg\Elegg_MI.png,image/png,146754,2024-02-22T13:31:56Z
Emilia,(Clumsy Maid),Emilia_(Clumsy_Maid)_MI.png,https://static.wikia.nocookie.net/nikke-goddess-of-victory-international/images/e/e5/Emilia_%28Clumsy_Maid%29_MI.png/revision/latest?cb=20240322021025,nikke_mi_cards\Emilia\Emilia_(Clumsy_Maid)_MI.png,image/png,203784,2024-03-22T02:10:25Z
Emilia,(Spring Breeze),Emilia_(Spring_Breeze)_MI.png,https://static.wikia.nocookie.net/nikke-goddess-of-victory-international/images/1/1a/Emilia_%28Spring_Breeze%29_MI.png/revision/latest?cb=20240322021116,nikke_mi_cards\Emilia\Emilia_(Spring_Breeze)_MI.png,image/png,214659,2024-03-22T02:11:16Z
Emilia,default,Emilia_MI.png,https://static.wikia.nocookie.net/nikke-goddess-of-victory-international/images/1/15/Emilia_MI.png/revision/latest?cb=20240322020910,nikke_mi_cards\Emilia\Emilia_MI.png,image/png,216373,2024-03-22T02:09:10Z
Emma,(Color Me Red),Emma_(Color_Me_Red)_MI.png,https://static.wikia.nocookie.net/nikke-goddess-of-victory-international/images/b/b2/Emma_%28Color_Me_Red%29_MI.png/revision/latest?cb=20231123052327,nikke_mi_cards\Emma\Emma_(Color_Me_Red)_MI.png,image/png,216501,2023-11-23T05:23:27Z
Emma,(Office Therapy),Emma_(Office_Therapy)_MI.png,https://static.wikia.nocookie.net/nikke-goddess-of-victory-international/images/c/c1/Emma_%28Office_Therapy%29_MI.png/revision/latest?cb=20231123052328,nikke_mi_cards\Emma\Emma_(Office_Therapy)_MI.png,image/png,170168,2023-11-23T05:23:28Z
Emma,default,Emma_MI.png,https://static.wikia.nocookie.net/nikke-goddess-of-victory-international/images/8/8a/Emma_MI.png/revision/latest?cb=20231123052329,nikke_mi_cards\Emma\Emma_MI.png,image/png,202371,2023-11-23T05:23:29Z
Emma,Tactical Upgrade (Secret Therapy),Emma_Tactical_Upgrade_(Secret_Therapy)_MI.png,https://static.wikia.nocookie.net/nikke-goddess-of-victory-international/images/d/da/Emma_Tactical_Upgrade_%28Secret_Therapy%29_MI.png/revision/latest?cb=20251230124144,nikke_mi_cards\Emma\Emma_Tactical_Upgrade_(Secret_Therapy)_MI.png,image/png,182822,2025-12-30T12:41:44Z
Emma,Tactical Upgrade,Emma_Tactical_Upgrade_MI.png,https://static.wikia.nocookie.net/nikke-goddess-of-victory-international/images/3/32/Emma_Tactical_Upgrade_MI.png/revision/latest?cb=20250807104232,nikke_mi_cards\Emma\Emma_Tactical_Upgrade_MI.png,image/png,199763,2025-08-07T10:42:32Z
Epinel,default,Epinel_MI.png,https://static.wikia.nocookie.net/nikke-goddess-of-victory-international/images/4/4f/Epinel_MI.png/revision/latest?cb=20231123052330,nikke_mi_cards\Epinel\Epinel_MI.png,image/png,228688,2023-11-23T05:23:30Z
Ether,default,Ether_MI.png,https://static.wikia.nocookie.net/nikke-goddess-of-victory-international/images/3/33/Ether_MI.png/revision/latest?cb=20231123052332,nikke_mi_cards\Ether\Ether_MI.png,image/png,242005,2023-11-23T05:23:32Z
Eunhwa,default,Eunhwa_MI.png,https://static.wikia.nocookie.net/nikke-goddess-of-victory-international/images/2/27/Eunhwa_MI.png/revision/latest?cb=20231123052332,nikke_mi_cards\Eunhwa\Eunhwa_MI.png,image/png,175128,2023-11-23T05:23:32Z
Eunhwa,Tactical Upgrade (Day Off),Eunhwa_Tactical_Upgrade_(Day_Off)_MI.png,https://static.wikia.nocookie.net/nikke-goddess-of-victory-international/images/6/6f/Eunhwa_Tactical_Upgrade_%28Day_Off%29_MI.png/revision/latest?cb=20250807110102,nikke_mi_cards\Eunhwa\Eunhwa_Tactical_Upgrade_(Day_Off)_MI.png,image/png,195602,2025-08-07T11:01:02Z
Eunhwa,Tactical Upgrade,Eunhwa_Tactical_Upgrade_MI.png,https://static.wikia.nocookie.net/nikke-goddess-of-victory-international/images/d/dc/Eunhwa_Tactical_Upgrade_MI.png/revision/latest?cb=20250807110101,nikke_mi_cards\Eunhwa\Eunhwa_Tactical_Upgrade_MI.png,image/png,215386,2025-08-07T11:01:01Z
Exia,(Gamer),Exia_(Gamer)_MI.png,https://static.wikia.nocookie.net/nikke-goddess-of-victory-international/images/5/5d/Exia_%28Gamer%29_MI.png/revision/latest?cb=20240222133334,nikke_mi_cards\Exia\Exia_(Gamer)_MI.png,image/png,212890,2024-02-22T13:33:34Z
Exia,(Hacker Rabbit),Exia_(Hacker_Rabbit)_MI.png,https://static.wikia.nocookie.net/nikke-goddess-of-victory-international/images/c/cf/Exia_%28Hacker_Rabbit%29_MI.png/revision/latest?cb=20250807110554,nikke_mi_cards\Exia\Exia_(Hacker_Rabbit)_MI.png,image/png,198891,2025-08-07T11:05:54Z
Exia,(Joy to the Nerds),Exia_(Joy_to_the_Nerds)_MI.png,https://static.wikia.nocookie.net/nikke-goddess-of-victory-international/images/a/a7/Exia_%28Joy_to_the_Nerds%29_MI.png/revision/latest?cb=20231123052333,nikke_mi_cards\Exia\Exia_(Joy_to_the_Nerds)_MI.png,image/png,203719,2023-11-23T05:23:33Z
Exia,default,Exia_MI.png,https://static.wikia.nocookie.net/nikke-goddess-of-victory-international/images/d/df/Exia_MI.png/revision/latest?cb=20231123052334,nikke_mi_cards\Exia\Exia_MI.png,image/png,201808,2023-11-23T05:23:34Z
Flora,default,Flora_MI.png,https://static.wikia.nocookie.net/nikke-goddess-of-victory-international/images/d/dd/Flora_MI.png/revision/latest?cb=20241121074917,nikke_mi_cards\Flora\Flora_MI.png,image/png,239341,2024-11-21T07:49:17Z
Folkwang,(Moist Rabbit),Folkwang_(Moist_Rabbit)_MI.png,https://static.wikia.nocookie.net/nikke-goddess-of-victory-international/images/1/11/Folkwang_%28Moist_Rabbit%29_MI.png/revision/latest?cb=20240530182953,nikke_mi_cards\Folkwang\Folkwang_(Moist_Rabbit)_MI.png,image/png,187646,2024-05-30T18:29:53Z
Folkwang,default,Folkwang_MI.png,https://static.wikia.nocookie.net/nikke-goddess-of-victory-international/images/e/eb/Folkwang_MI.png/revision/latest?cb=20231123052335,nikke_mi_cards\Folkwang\Folkwang_MI.png,image/png,205492,2023-11-23T05:23:35Z
Frima,(Sea of Sloth),Frima_(Sea_of_Sloth)_MI.png,https://static.wikia.nocookie.net/nikke-goddess-of-victory-international/images/1/10/Frima_%28Sea_of_Sloth%29_MI.png/revision/latest?cb=20231123052336,nikke_mi_cards\Frima\Frima_(Sea_of_Sloth)_MI.png,image/png,229457,2023-11-23T05:23:36Z
Frima,default,Frima_MI.png,https://static.wikia.nocookie.net/nikke-goddess-of-victory-international/images/5/5d/Frima_MI.png/revision/latest?cb=20231123052336,nikke_mi_cards\Frima\Frima_MI.png,image/png,194980,2023-11-23T05:23:36Z
Grave,(Beautiful You),Grave_(Beautiful_You)_MI.png,https://static.wikia.nocookie.net/nikke-goddess-of-victory-international/images/1/16/Grave_%28Beautiful_You%29_MI.png/revision/latest?cb=20250424001833,nikke_mi_cards\Grave\Grave_(Beautiful_You)_MI.png,image/png,186218,2025-04-24T00:18:33Z
Grave,default,Grave_MI.png,https://static.wikia.nocookie.net/nikke-goddess-of-victory-international/images/8/8a/Grave_MI.png/revision/latest?cb=20241031011853,nikke_mi_cards\Grave\Grave_MI.png,image/png,205947,2024-10-31T01:18:53Z
Guillotine,(Dark Tracer),Guillotine_(Dark_Tracer)_MI.png,https://static.wikia.nocookie.net/nikke-goddess-of-victory-international/images/f/fe/Guillotine_%28Dark_Tracer%29_MI.png/revision/latest?cb=20231228083611,nikke_mi_cards\Guillotine\Guillotine_(Dark_Tracer)_MI.png,image/png,224210,2023-12-28T08:36:11Z
Guillotine,default,Guillotine_MI.png,https://static.wikia.nocookie.net/nikke-goddess-of-victory-international/images/1/12/Guillotine_MI.png/revision/latest?cb=20231123052337,nikke_mi_cards\Guillotine\Guillotine_MI.png,image/png,218204,2023-11-23T05:23:37Z
Guillotine,Winter Slayer,Guillotine_Winter_Slayer_MI.png,https://static.wikia.nocookie.net/nikke-goddess-of-victory-international/images/8/8c/Guillotine_Winter_Slayer_MI.png/revision/latest?cb=20241205130726,nikke_mi_cards\Guillotine\Guillotine_Winter_Slayer_MI.png,image/png,212619,2024-12-05T13:07:26Z
Guilty,(Wave of Disbelief),Guilty_(Wave_of_Disbelief)_MI.png,https://static.wikia.nocookie.net/nikke-goddess-of-victory-international/images/d/da/Guilty_%28Wave_of_Disbelief%29_MI.png/revision/latest?cb=20240704113502,nikke_mi_cards\Guilty\Guilty_(Wave_of_Disbelief)_MI.png,image/png,232795,2024-07-04T11:35:02Z
Guilty,default,Guilty_MI.png,https://static.wikia.nocookie.net/nikke-goddess-of-victory-international/images/6/69/Guilty_MI.png/revision/latest?cb=20231123052338,nikke_mi_cards\Guilty\Guilty_MI.png,image/png,225680,2023-11-23T05:23:38Z
Harran,(Banquet Witch),Harran_(Banquet_Witch)_MI.png,https://static.wikia.nocookie.net/nikke-goddess-of-victory-international/images/0/0f/Harran_%28Banquet_Witch%29_MI.png/revision/latest?cb=20231123052339,nikke_mi_cards\Harran\Harran_(Banquet_Witch)_MI.png,image/png,240951,2023-11-23T05:23:39Z
Harran,default,Harran_MI.png,https://static.wikia.nocookie.net/nikke-goddess-of-victory-international/images/8/85/Harran_MI.png/revision/latest?cb=20231123052340,nikke_mi_cards\Harran\Harran_MI.png,image/png,221202,2023-11-23T05:23:40Z
Helm,(Chandelier),Helm_(Chandelier)_MI.png,https://static.wikia.nocookie.net/nikke-goddess-of-victory-international/images/e/ec/Helm_%28Chandelier%29_MI.png/revision/latest?cb=20231123052341,nikke_mi_cards\Helm\Helm_(Chandelier)_MI.png,image/png,212608,2023-11-23T05:23:41Z
Helm,(Post-Shower Moment),Helm_(Post-Shower_Moment)_MI.png,https://static.wikia.nocookie.net/nikke-goddess-of-victory-international/images/b/bb/Helm_%28Post-Shower_Moment%29_MI.png/revision/latest?cb=20250220140108,nikke_mi_cards\Helm\Helm_(Post-Shower_Moment)_MI.png,image/png,205217,2025-02-20T14:01:08Z
Helm,Aquamarine,Helm_Aquamarine_MI.png,https://static.wikia.nocookie.net/nikke-goddess-of-victory-international/images/f/fb/Helm_Aquamarine_MI.png/revision/latest?cb=20231123052341,nikke_mi_cards\Helm\Helm_Aquamarine_MI.png,image/png,212741,2023-11-23T05:23:41Z
Helm,default,Helm_MI.png,https://static.wikia.nocookie.net/nikke-goddess-of-victory-international/images/8/8a/Helm_MI.png/revision/latest?cb=20231123052342,nikke_mi_cards\Helm\Helm_MI.png,image/png,237516,2023-11-23T05:23:42Z
Himeno,default,Himeno_MI.png,https://static.wikia.nocookie.net/nikke-goddess-of-victory-international/images/2/21/Himeno_MI.png/revision/latest?cb=20231123052343,nikke_mi_cards\Himeno\Himeno_MI.png,image/png,148583,2023-11-23T05:23:43Z
IDoll,Flower,IDoll_Flower_MI.png,https://static.wikia.nocookie.net/nikke-goddess-of-victory-international/images/d/d1/IDoll_Flower_MI.png/revision/latest?cb=20231123052344,nikke_mi_cards\IDoll\IDoll_Flower_MI.png,image/png,231995,2023-11-23T05:23:44Z
IDoll,Ocean,IDoll_Ocean_MI.png,https://static.wikia.nocookie.net/nikke-goddess-of-victory-international/images/5/5e/IDoll_Ocean_MI.png/revision/latest?cb=20231123052345,nikke_mi_cards\IDoll\IDoll_Ocean_MI.png,image/png,176195,2023-11-23T05:23:45Z
IDoll,Sun,IDoll_Sun_MI.png,https://static.wikia.nocookie.net/nikke-goddess-of-victory-international/images/e/e6/IDoll_Sun_MI.png/revision/latest?cb=20231123052346,nikke_mi_cards\IDoll\IDoll_Sun_MI.png,image/png,218744,2023-11-23T05:23:46Z
Isabel,(Honeymoon Party),Isabel_(Honeymoon_Party)_MI.png,https://static.wikia.nocookie.net/nikke-goddess-of-victory-international/images/4/44/Isabel_%28Honeymoon_Party%29_MI.png/revision/latest?cb=20241031012451,nikke_mi_cards\Isabel\Isabel_(Honeymoon_Party)_MI.png,image/png,210130,2024-10-31T01:24:51Z
Isabel,default,Isabel_MI.png,https://static.wikia.nocookie.net/nikke-goddess-of-victory-international/images/c/cc/Isabel_MI.png/revision/latest?cb=20231123052346,nikke_mi_cards\Isabel\Isabel_MI.png,image/png,215953,2023-11-23T05:23:46Z
Jackal,(Class Troublemaker),Jackal_(Class_Troublemaker)_MI.png,https://static.wikia.nocookie.net/nikke-goddess-of-victory-international/images/b/bd/Jackal_%28Class_Troublemaker%29_MI.png/revision/latest?cb=20251120123852,nikke_mi_cards\Jackal\Jackal_(Class_Troublemaker)_MI.png,image/png,213927,2025-11-20T12:38:52Z
Jackal,default,Jackal_MI.png,https://static.wikia.nocookie.net/nikke-goddess-of-victory-international/images/5/55/Jackal_MI.png/revision/latest?cb=20231123052347,nikke_mi_cards\Jackal\Jackal_MI.png,image/png,220548,2023-11-23T05:23:47Z
Jill,Valentine (Battle Suit),Jill_Valentine_(Battle_Suit)_MI.png,https://static.wikia.nocookie.net/nikke-goddess-of-victory-international/images/8/88/Jill_Valentine_%28Battle_Suit%29_MI.png/revision/latest?cb=20250924132352,nikke_mi_cards\Jill\Jill_Valentine_(Battle_Suit)_MI.png,image/png,169375,2025-09-24T13:23:52Z
Jill,Valentine (Classic),Jill_Valentine_(Classic)_MI.png,https://static.wikia.nocookie.net/nikke-goddess-of-victory-international/images/a/af/Jill_Valentine_%28Classic%29_MI.png/revision/latest?cb=20250924132353,nikke_mi_cards\Jill\Jill_Valentine_(Classic)_MI.png,image/png,163679,2025-09-24T13:23:53Z
Jill,Valentine,Jill_Valentine_MI.png,https://static.wikia.nocookie.net/nikke-goddess-of-victory-international/images/9/91/Jill_Valentine_MI.png/revision/latest?cb=20250924132356,nikke_mi_cards\Jill\Jill_Valentine_MI.png,image/png,173031,2025-09-24T13:23:56Z
Julia,(Mild Nocturne),Julia_(Mild_Nocturne)_MI.png,https://static.wikia.nocookie.net/nikke-goddess-of-victory-international/images/7/7c/Julia_%28Mild_Nocturne%29_MI.png/revision/latest?cb=20231123052348,nikke_mi_cards\Julia\Julia_(Mild_Nocturne)_MI.png,image/png,214150,2023-11-23T05:23:48Z
Julia,(Summer Romance),Julia_(Summer_Romance)_MI.png,https://static.wikia.nocookie.net/nikke-goddess-of-victory-international/images/0/0c/Julia_%28Summer_Romance%29_MI.png/revision/latest?cb=20250717105459,nikke_mi_cards\Julia\Julia_(Summer_Romance)_MI.png,image/png,196101,2025-07-17T10:54:59Z
Julia,default,Julia_MI.png,https://static.wikia.nocookie.net/nikke-goddess-of-victory-international/images/4/45/Julia_MI.png/revision/latest?cb=20231123052349,nikke_mi_cards\Julia\Julia_MI.png,image/png,226913,2023-11-23T05:23:49Z
K,(Undercover),K_(Undercover)_MI.png,https://static.wikia.nocookie.net/nikke-goddess-of-victory-international/images/3/32/K_%28Undercover%29_MI.png/revision/latest?cb=20250924125111,nikke_mi_cards\K\K_(Undercover)_MI.png,image/png,217640,2025-09-24T12:51:11Z
K,default,K_MI.png,https://static.wikia.nocookie.net/nikke-goddess-of-victory-international/images/f/fb/K_MI.png/revision/latest?cb=20250529114716,nikke_mi_cards\K\K_MI.png,image/png,207200,2025-05-29T11:47:16Z
Kilo,default,Kilo_MI.png,https://static.wikia.nocookie.net/nikke-goddess-of-victory-international/images/4/4d/Kilo_MI.png/revision/latest?cb=20240425072318,nikke_mi_cards\Kilo\Kilo_MI.png,image/png,179931,2024-04-25T07:23:18Z
Kurumi,default,Kurumi_MI.png,https://static.wikia.nocookie.net/nikke-goddess-of-victory-international/images/3/33/Kurumi_MI.png/revision/latest?cb=20260212132212,nikke_mi_cards\Kurumi\Kurumi_MI.png,image/png,180238,2026-02-12T13:22:12Z
Label,default,Label_MI.png,https://static.wikia.nocookie.net/nikke-goddess-of-victory-international/images/a/af/Label_MI.png/revision/latest?cb=20260115121631,nikke_mi_cards\Label\Label_MI.png,image/png,190806,2026-01-15T12:16:31Z
Laplace,default,Laplace_MI.png,https://static.wikia.nocookie.net/nikke-goddess-of-victory-international/images/6/68/Laplace_MI.png/revision/latest?cb=20231123052350,nikke_mi_cards\Laplace\Laplace_MI.png,image/png,234546,2023-11-23T05:23:50Z
Leona,(Zoo Keeper),Leona_(Zoo_Keeper)_MI.png,https://static.wikia.nocookie.net/nikke-goddess-of-victory-international/images/1/17/Leona_%28Zoo_Keeper%29_MI.png/revision/latest?cb=20240822012047,nikke_mi_cards\Leona\Leona_(Zoo_Keeper)_MI.png,image/png,253597,2024-08-22T01:20:47Z
Leona,default,Leona_MI.png,https://static.wikia.nocookie.net/nikke-goddess-of-victory-international/images/5/52/Leona_MI.png/revision/latest?cb=20240111121012,nikke_mi_cards\Leona\Leona_MI.png,image/png,237747,2024-01-11T12:10:12Z
Liberalio,(Dreaming Lake),Liberalio_(Dreaming_Lake)_MI.png,https://static.wikia.nocookie.net/nikke-goddess-of-victory-international/images/d/d7/Liberalio_%28Dreaming_Lake%29_MI.png/revision/latest?cb=20260423125405,nikke_mi_cards\Liberalio\Liberalio_(Dreaming_Lake)_MI.png,image/png,230286,2026-04-23T12:54:05Z
Liberalio,default,Liberalio_MI.png,https://static.wikia.nocookie.net/nikke-goddess-of-victory-international/images/5/5c/Liberalio_MI.png/revision/latest?cb=20251030193316,nikke_mi_cards\Liberalio\Liberalio_MI.png,image/png,245024,2025-10-30T19:33:16Z
Lily,default,Lily_MI.png,https://static.wikia.nocookie.net/nikke-goddess-of-victory-international/images/8/89/Lily_MI.png/revision/latest?cb=20250612151143,nikke_mi_cards\Lily\Lily_MI.png,image/png,191662,2025-06-12T15:11:43Z
Liter,(Cute Sunflower),Liter_(Cute_Sunflower)_MI.png,https://static.wikia.nocookie.net/nikke-goddess-of-victory-international/images/c/c1/Liter_%28Cute_Sunflower%29_MI.png/revision/latest?cb=20231228083526,nikke_mi_cards\Liter\Liter_(Cute_Sunflower)_MI.png,image/png,215559,2023-12-28T08:35:26Z
Liter,(Guardfish),Liter_(Guardfish)_MI.png,https://static.wikia.nocookie.net/nikke-goddess-of-victory-international/images/b/b9/Liter_%28Guardfish%29_MI.png/revision/latest?cb=20231123052351,nikke_mi_cards\Liter\Liter_(Guardfish)_MI.png,image/png,235311,2023-11-23T05:23:51Z
Liter,default,Liter_MI.png,https://static.wikia.nocookie.net/nikke-goddess-of-victory-international/images/c/c2/Liter_MI.png/revision/latest?cb=20231123052351,nikke_mi_cards\Liter\Liter_MI.png,image/png,218213,2023-11-23T05:23:51Z
Little,Mermaid (Abyss Flower),Little_Mermaid_(Abyss_Flower)_MI.png,https://static.wikia.nocookie.net/nikke-goddess-of-victory-international/images/7/79/Little_Mermaid_%28Abyss_Flower%29_MI.png/revision/latest?cb=20250424001243,nikke_mi_cards\Little\Little_Mermaid_(Abyss_Flower)_MI.png,image/png,247094,2025-04-24T00:12:43Z
Little,Mermaid (Beautiful Bubble),Little_Mermaid_(Beautiful_Bubble)_MI.png,https://static.wikia.nocookie.net/nikke-goddess-of-victory-international/images/e/eb/Little_Mermaid_%28Beautiful_Bubble%29_MI.png/revision/latest?cb=20251030193321,nikke_mi_cards\Little\Little_Mermaid_(Beautiful_Bubble)_MI.png,image/png,193908,2025-10-30T19:33:21Z
Little,Mermaid,Little_Mermaid_MI.png,https://static.wikia.nocookie.net/nikke-goddess-of-victory-international/images/4/44/Little_Mermaid_MI.png/revision/latest?cb=20250424001244,nikke_mi_cards\Little\Little_Mermaid_MI.png,image/png,226953,2025-04-24T00:12:44Z
Ludmilla,default,Ludmilla_MI.png,https://static.wikia.nocookie.net/nikke-goddess-of-victory-international/images/b/b6/Ludmilla_MI.png/revision/latest?cb=20231123052352,nikke_mi_cards\Ludmilla\Ludmilla_MI.png,image/png,224435,2023-11-23T05:23:52Z
Ludmilla,Winter Owner,Ludmilla_Winter_Owner_MI.png,https://static.wikia.nocookie.net/nikke-goddess-of-victory-international/images/a/a3/Ludmilla_Winter_Owner_MI.png/revision/latest?cb=20231207072339,nikke_mi_cards\Ludmilla\Ludmilla_Winter_Owner_MI.png,image/png,236745,2023-12-07T07:23:39Z
Maiden,(Covert Nurse),Maiden_(Covert_Nurse)_MI.png,https://static.wikia.nocookie.net/nikke-goddess-of-victory-international/images/a/ae/Maiden_%28Covert_Nurse%29_MI.png/revision/latest?cb=20231123052353,nikke_mi_cards\Maiden\Maiden_(Covert_Nurse)_MI.png,image/png,208915,2023-11-23T05:23:53Z
Maiden,(Under the Sun),Maiden_(Under_the_Sun)_MI.png,https://static.wikia.nocookie.net/nikke-goddess-of-victory-international/images/2/2c/Maiden_%28Under_the_Sun%29_MI.png/revision/latest?cb=20240620181150,nikke_mi_cards\Maiden\Maiden_(Under_the_Sun)_MI.png,image/png,191278,2024-06-20T18:11:50Z
Maiden,Ice Rose,Maiden_Ice_Rose_MI.png,https://static.wikia.nocookie.net/nikke-goddess-of-victory-international/images/2/24/Maiden_Ice_Rose_MI.png/revision/latest?cb=20241205131643,nikke_mi_cards\Maiden\Maiden_Ice_Rose_MI.png,image/png,231886,2024-12-05T13:16:43Z
Maiden,default,Maiden_MI.png,https://static.wikia.nocookie.net/nikke-goddess-of-victory-international/images/c/ce/Maiden_MI.png/revision/latest?cb=20231123052354,nikke_mi_cards\Maiden\Maiden_MI.png,image/png,225681,2023-11-23T05:23:54Z
Makima,(Coat Off),Makima_(Coat_Off)_MI.png,https://static.wikia.nocookie.net/nikke-goddess-of-victory-international/images/8/8a/Makima_%28Coat_Off%29_MI.png/revision/latest?cb=20231123052355,nikke_mi_cards\Makima\Makima_(Coat_Off)_MI.png,image/png,160000,2023-11-23T05:23:55Z
Makima,default,Makima_MI.png,https://static.wikia.nocookie.net/nikke-goddess-of-victory-international/images/0/03/Makima_MI.png/revision/latest?cb=20231123052355,nikke_mi_cards\Makima\Makima_MI.png,image/png,155469,2023-11-23T05:23:55Z
Mana,default,Mana_MI.png,https://static.wikia.nocookie.net/nikke-goddess-of-victory-international/images/3/3f/Mana_MI.png/revision/latest?cb=20250116141021,nikke_mi_cards\Mana\Mana_MI.png,image/png,165997,2025-01-16T14:10:21Z
Marciana,(School Days),Marciana_(School_Days)_MI.png,https://static.wikia.nocookie.net/nikke-goddess-of-victory-international/images/e/e8/Marciana_%28School_Days%29_MI.png/revision/latest?cb=20240808084830,nikke_mi_cards\Marciana\Marciana_(School_Days)_MI.png,image/png,169783,2024-08-08T08:48:30Z
Marciana,default,Marciana_MI.png,https://static.wikia.nocookie.net/nikke-goddess-of-victory-international/images/f/f4/Marciana_MI.png/revision/latest?cb=20231123052356,nikke_mi_cards\Marciana\Marciana_MI.png,image/png,195268,2023-11-23T05:23:56Z
Mari,(Final Battle),Mari_(Final_Battle)_MI.png,https://static.wikia.nocookie.net/nikke-goddess-of-victory-international/images/1/1c/Mari_%28Final_Battle%29_MI.png/revision/latest?cb=20250220142639,nikke_mi_cards\Mari\Mari_(Final_Battle)_MI.png,image/png,191968,2025-02-20T14:26:39Z
Mari,(Leisure Travel),Mari_(Leisure_Travel)_MI.png,https://static.wikia.nocookie.net/nikke-goddess-of-victory-international/images/9/9d/Mari_%28Leisure_Travel%29_MI.png/revision/latest?cb=20240822021506,nikke_mi_cards\Mari\Mari_(Leisure_Travel)_MI.png,image/png,177927,2024-08-22T02:15:06Z
Mari,(Mari's School Uniform),Mari_(Mari's_School_Uniform)_MI.png,https://static.wikia.nocookie.net/nikke-goddess-of-victory-international/images/7/72/Mari_%28Mari%27s_School_Uniform%29_MI.png/revision/latest?cb=20240822021502,nikke_mi_cards\Mari\Mari_(Mari's_School_Uniform)_MI.png,image/png,179862,2024-08-22T02:15:02Z
Mari,(Mystery Muse),Mari_(Mystery_Muse)_MI.png,https://static.wikia.nocookie.net/nikke-goddess-of-victory-international/images/4/43/Mari_%28Mystery_Muse%29_MI.png/revision/latest?cb=20250220142929,nikke_mi_cards\Mari\Mari_(Mystery_Muse)_MI.png,image/png,206212,2025-02-20T14:29:29Z
Mari,Makinami Illustrious,Mari_Makinami_Illustrious_MI.png,https://static.wikia.nocookie.net/nikke-goddess-of-victory-international/images/2/27/Mari_Makinami_Illustrious_MI.png/revision/latest?cb=20240822021500,nikke_mi_cards\Mari\Mari_Makinami_Illustrious_MI.png,image/png,189993,2024-08-22T02:15:00Z
Marian,default,Marian_MI.png,https://static.wikia.nocookie.net/nikke-goddess-of-victory-international/images/7/77/Marian_MI.png/revision/latest?cb=20231123052357,nikke_mi_cards\Marian\Marian_MI.png,image/png,239339,2023-11-23T05:23:57Z
Mary,(Medical Rabbit),Mary_(Medical_Rabbit)_MI.png,https://static.wikia.nocookie.net/nikke-goddess-of-victory-international/images/e/e2/Mary_%28Medical_Rabbit%29_MI.png/revision/latest?cb=20240530182429,nikke_mi_cards\Mary\Mary_(Medical_Rabbit)_MI.png,image/png,197396,2024-05-30T18:24:29Z
Mary,Bay Goddess,Mary_Bay_Goddess_MI.png,https://static.wikia.nocookie.net/nikke-goddess-of-victory-international/images/3/3f/Mary_Bay_Goddess_MI.png/revision/latest?cb=20231123052358,nikke_mi_cards\Mary\Mary_Bay_Goddess_MI.png,image/png,221152,2023-11-23T05:23:58Z
Mary,default,Mary_MI.png,https://static.wikia.nocookie.net/nikke-goddess-of-victory-international/images/e/e1/Mary_MI.png/revision/latest?cb=20231123052359,nikke_mi_cards\Mary\Mary_MI.png,image/png,182194,2023-11-23T05:23:59Z
Mast,(A Pirate's Heart),Mast_(A_Pirate's_Heart)_MI.png,https://static.wikia.nocookie.net/nikke-goddess-of-victory-international/images/e/ea/Mast_%28A_Pirate%27s_Heart%29_MI.png/revision/latest?cb=20231123052400,nikke_mi_cards\Mast\Mast_(A_Pirate's_Heart)_MI.png,image/png,195997,2023-11-23T05:24:00Z
Mast,(Mast the Diver),Mast_(Mast_the_Diver)_MI.png,https://static.wikia.nocookie.net/nikke-goddess-of-victory-international/images/e/e5/Mast_%28Mast_the_Diver%29_MI.png/revision/latest?cb=20240704114219,nikke_mi_cards\Mast\Mast_(Mast_the_Diver)_MI.png,image/png,203617,2024-07-04T11:42:19Z
Mast,default,Mast_MI.png,https://static.wikia.nocookie.net/nikke-goddess-of-victory-international/images/c/c9/Mast_MI.png/revision/latest?cb=20231123052401,nikke_mi_cards\Mast\Mast_MI.png,image/png,250761,2023-11-23T05:24:01Z
Mast,Romantic Maid (Tea Service),Mast_Romantic_Maid_(Tea_Service)_MI.png,https://static.wikia.nocookie.net/nikke-goddess-of-victory-international/images/5/51/Mast_Romantic_Maid_%28Tea_Service%29_MI.png/revision/latest?cb=20260212125027,nikke_mi_cards\Mast\Mast_Romantic_Maid_(Tea_Service)_MI.png,image/png,236568,2026-02-12T12:50:27Z
Mast,Romantic Maid,Mast_Romantic_Maid_MI.png,https://static.wikia.nocookie.net/nikke-goddess-of-victory-international/images/2/22/Mast_Romantic_Maid_MI.png/revision/latest?cb=20250123133334,nikke_mi_cards\Mast\Mast_Romantic_Maid_MI.png,image/png,234193,2025-01-23T13:33:34Z
Maxwell,(Mechanic White),Maxwell_(Mechanic_White)_MI.png,https://static.wikia.nocookie.net/nikke-goddess-of-victory-international/images/4/43/Maxwell_%28Mechanic_White%29_MI.png/revision/latest?cb=20231123052401,nikke_mi_cards\Maxwell\Maxwell_(Mechanic_White)_MI.png,image/png,217977,2023-11-23T05:24:01Z
Maxwell,default,Maxwell_MI.png,https://static.wikia.nocookie.net/nikke-goddess-of-victory-international/images/9/9f/Maxwell_MI.png/revision/latest?cb=20231123052402,nikke_mi_cards\Maxwell\Maxwell_MI.png,image/png,198483,2023-11-23T05:24:02Z
Mecha,Shifty,Mecha_Shifty_MI.png,https://static.wikia.nocookie.net/nikke-goddess-of-victory-international/images/a/a0/Mecha_Shifty_MI.png/revision/latest?cb=20250331223143,nikke_mi_cards\Mecha\Mecha_Shifty_MI.png,image/png,169923,2025-03-31T22:31:43Z
Mekami,Shifty,Mekami_Shifty_MI.png,https://static.wikia.nocookie.net/nikke-goddess-of-victory-international/images/2/20/Mekami_Shifty_MI.png/revision/latest?cb=20260331201834,nikke_mi_cards\Mekami\Mekami_Shifty_MI.png,image/png,228073,2026-03-31T20:18:34Z
Mica,default,Mica_MI.png,https://static.wikia.nocookie.net/nikke-goddess-of-victory-international/images/b/b7/Mica_MI.png/revision/latest?cb=20231123052403,nikke_mi_cards\Mica\Mica_MI.png,image/png,221502,2023-11-23T05:24:03Z
Mica,Snow Buddy,Mica_Snow_Buddy_MI.png,https://static.wikia.nocookie.net/nikke-goddess-of-victory-international/images/6/6d/Mica_Snow_Buddy_MI.png/revision/latest?cb=20231207072747,nikke_mi_cards\Mica\Mica_Snow_Buddy_MI.png,image/png,175474,2023-12-07T07:27:47Z
Mihara,Bonding Chain (Pain Eater),Mihara_Bonding_Chain_(Pain_Eater)_MI.png,https://static.wikia.nocookie.net/nikke-goddess-of-victory-international/images/1/1f/Mihara_Bonding_Chain_%28Pain_Eater%29_MI.png/revision/latest?cb=20250423235001,nikke_mi_cards\Mihara\Mihara_Bonding_Chain_(Pain_Eater)_MI.png,image/png,266839,2025-04-23T23:50:01Z
Mihara,Bonding Chain,Mihara_Bonding_Chain_MI.png,https://static.wikia.nocookie.net/nikke-goddess-of-victory-international/images/8/86/Mihara_Bonding_Chain_MI.png/revision/latest?cb=20250423235002,nikke_mi_cards\Mihara\Mihara_Bonding_Chain_MI.png,image/png,208826,2025-04-23T23:50:02Z
Mihara,default,Mihara_MI.png,https://static.wikia.nocookie.net/nikke-goddess-of-victory-international/images/b/b9/Mihara_MI.png/revision/latest?cb=20231123052404,nikke_mi_cards\Mihara\Mihara_MI.png,image/png,203994,2023-11-23T05:24:04Z
Milk,(Extreme Fighter),Milk_(Extreme_Fighter)_MI.png,https://static.wikia.nocookie.net/nikke-goddess-of-victory-international/images/a/a2/Milk_%28Extreme_Fighter%29_MI.png/revision/latest?cb=20231123052405,nikke_mi_cards\Milk\Milk_(Extreme_Fighter)_MI.png,image/png,199102,2023-11-23T05:24:05Z
Milk,Blooming Bunny,Milk_Blooming_Bunny_MI.png,https://static.wikia.nocookie.net/nikke-goddess-of-victory-international/images/5/5b/Milk_Blooming_Bunny_MI.png/revision/latest?cb=20250904110531,nikke_mi_cards\Milk\Milk_Blooming_Bunny_MI.png,image/png,189651,2025-09-04T11:05:31Z
Milk,default,Milk_MI.png,https://static.wikia.nocookie.net/nikke-goddess-of-victory-international/images/3/30/Milk_MI.png/revision/latest?cb=20231123052406,nikke_mi_cards\Milk\Milk_MI.png,image/png,177007,2023-11-23T05:24:06Z
Mint,(Fresh Mint),Mint_(Fresh_Mint)_MI.png,https://static.wikia.nocookie.net/nikke-goddess-of-victory-international/images/0/0c/Mint_%28Fresh_Mint%29_MI.png/revision/latest?cb=20260516150845,nikke_mi_cards\Mint\Mint_(Fresh_Mint)_MI.png,image/png,166365,2026-05-16T15:08:45Z
Mint,default,Mint_MI.png,https://static.wikia.nocookie.net/nikke-goddess-of-victory-international/images/f/fb/Mint_MI.png/revision/latest?cb=20260516150846,nikke_mi_cards\Mint\Mint_MI.png,image/png,179249,2026-05-16T15:08:46Z
Miranda,(Thief of Justice),Miranda_(Thief_of_Justice)_MI.png,https://static.wikia.nocookie.net/nikke-goddess-of-victory-international/images/7/76/Miranda_%28Thief_of_Justice%29_MI.png/revision/latest?cb=20240919105142,nikke_mi_cards\Miranda\Miranda_(Thief_of_Justice)_MI.png,image/png,212836,2024-09-19T10:51:42Z
Miranda,default,Miranda_MI.png,https://static.wikia.nocookie.net/nikke-goddess-of-victory-international/images/5/51/Miranda_MI.png/revision/latest?cb=20231123052406,nikke_mi_cards\Miranda\Miranda_MI.png,image/png,225203,2023-11-23T05:24:06Z
Misato,Katsuragi,Misato_Katsuragi_MI.png,https://static.wikia.nocookie.net/nikke-goddess-of-victory-international/images/3/38/Misato_Katsuragi_MI.png/revision/latest?cb=20240822022144,nikke_mi_cards\Misato\Misato_Katsuragi_MI.png,image/png,183996,2024-08-22T02:21:44Z
Modernia,(First Affection),Modernia_(First_Affection)_MI.png,https://static.wikia.nocookie.net/nikke-goddess-of-victory-international/images/8/8e/Modernia_%28First_Affection%29_MI.png/revision/latest?cb=20231123052407,nikke_mi_cards\Modernia\Modernia_(First_Affection)_MI.png,image/png,192892,2023-11-23T05:24:07Z
Modernia,(Second Affection),Modernia_(Second_Affection)_MI.png,https://static.wikia.nocookie.net/nikke-goddess-of-victory-international/images/7/7f/Modernia_%28Second_Affection%29_MI.png/revision/latest?cb=20240425072402,nikke_mi_cards\Modernia\Modernia_(Second_Affection)_MI.png,image/png,203642,2024-04-25T07:24:02Z
Modernia,default,Modernia_MI.png,https://static.wikia.nocookie.net/nikke-goddess-of-victory-international/images/8/80/Modernia_MI.png/revision/latest?cb=20231123052408,nikke_mi_cards\Modernia\Modernia_MI.png,image/png,196019,2023-11-23T05:24:08Z
Moran,(King of Flowers),Moran_(King_of_Flowers)_MI.png,https://static.wikia.nocookie.net/nikke-goddess-of-victory-international/images/a/ab/Moran_%28King_of_Flowers%29_MI.png/revision/latest?cb=20260611124056,nikke_mi_cards\Moran\Moran_(King_of_Flowers)_MI.png,image/png,211104,2026-06-11T12:40:56Z
Moran,(Off-Duty Queen),Moran_(Off-Duty_Queen)_MI.png,https://static.wikia.nocookie.net/nikke-goddess-of-victory-international/images/c/ce/Moran_%28Off-Duty_Queen%29_MI.png/revision/latest?cb=20250529120238,nikke_mi_cards\Moran\Moran_(Off-Duty_Queen)_MI.png,image/png,179175,2025-05-29T12:02:38Z
Moran,default,Moran_MI.png,https://static.wikia.nocookie.net/nikke-goddess-of-victory-international/images/a/ad/Moran_MI.png/revision/latest?cb=20240111121042,nikke_mi_cards\Moran\Moran_MI.png,image/png,220474,2024-01-11T12:10:42Z
Mori,default,Mori_MI.png,https://static.wikia.nocookie.net/nikke-goddess-of-victory-international/images/9/9b/Mori_MI.png/revision/latest?cb=20250424002314,nikke_mi_cards\Mori\Mori_MI.png,image/png,208892,2025-04-24T00:23:14Z
N102,default,N102_MI.png,https://static.wikia.nocookie.net/nikke-goddess-of-victory-international/images/b/b8/N102_MI.png/revision/latest?cb=20231123052409,nikke_mi_cards\N102\N102_MI.png,image/png,194079,2023-11-23T05:24:09Z
Naga,(Elegant Date),Naga_(Elegant_Date)_MI.png,https://static.wikia.nocookie.net/nikke-goddess-of-victory-international/images/2/24/Naga_%28Elegant_Date%29_MI.png/revision/latest?cb=20240725131707,nikke_mi_cards\Naga\Naga_(Elegant_Date)_MI.png,image/png,192269,2024-07-25T13:17:07Z
Naga,(Last Girlhood),Naga_(Last_Girlhood)_MI.png,https://static.wikia.nocookie.net/nikke-goddess-of-victory-international/images/a/aa/Naga_%28Last_Girlhood%29_MI.png/revision/latest?cb=20241227013448,nikke_mi_cards\Naga\Naga_(Last_Girlhood)_MI.png,image/png,242584,2024-12-27T01:34:48Z
Naga,(Ring Ensemble),Naga_(Ring_Ensemble)_MI.png,https://static.wikia.nocookie.net/nikke-goddess-of-victory-international/images/9/94/Naga_%28Ring_Ensemble%29_MI.png/revision/latest?cb=20260611124057,nikke_mi_cards\Naga\Naga_(Ring_Ensemble)_MI.png,image/png,218671,2026-06-11T12:40:57Z
Naga,default,Naga_MI.png,https://static.wikia.nocookie.net/nikke-goddess-of-victory-international/images/f/f6/Naga_MI.png/revision/latest?cb=20231123052410,nikke_mi_cards\Naga\Naga_MI.png,image/png,209747,2023-11-23T05:24:10Z
Nayuta,(Wu Wei),Nayuta_(Wu_Wei)_MI.png,https://static.wikia.nocookie.net/nikke-goddess-of-victory-international/images/2/2f/Nayuta_%28Wu_Wei%29_MI.png/revision/latest?cb=20251030193317,nikke_mi_cards\Nayuta\Nayuta_(Wu_Wei)_MI.png,image/png,241928,2025-10-30T19:33:17Z
Nayuta,default,Nayuta_MI.png,https://static.wikia.nocookie.net/nikke-goddess-of-victory-international/images/1/19/Nayuta_MI.png/revision/latest?cb=20251030193315,nikke_mi_cards\Nayuta\Nayuta_MI.png,image/png,257827,2025-10-30T19:33:15Z
Neon,(Bling Bullet),Neon_(Bling_Bullet)_MI.png,https://static.wikia.nocookie.net/nikke-goddess-of-victory-international/images/c/c6/Neon_%28Bling_Bullet%29_MI.png/revision/latest?cb=20231123052410,nikke_mi_cards\Neon\Neon_(Bling_Bullet)_MI.png,image/png,174705,2023-11-23T05:24:10Z
Neon,Blue Ocean,Neon_Blue_Ocean_MI.png,https://static.wikia.nocookie.net/nikke-goddess-of-victory-international/images/9/92/Neon_Blue_Ocean_MI.png/revision/latest?cb=20231123053920,nikke_mi_cards\Neon\Neon_Blue_Ocean_MI.png,image/png,214518,2023-11-23T05:39:20Z
Neon,default,Neon_MI.png,https://static.wikia.nocookie.net/nikke-goddess-of-victory-international/images/1/14/Neon_MI.png/revision/latest?cb=20231123052411,nikke_mi_cards\Neon\Neon_MI.png,image/png,213931,2023-11-23T05:24:11Z
Neon,Vision Eye,Neon_Vision_Eye_MI.png,https://static.wikia.nocookie.net/nikke-goddess-of-victory-international/images/3/3b/Neon_Vision_Eye_MI.png/revision/latest?cb=20260423125409,nikke_mi_cards\Neon\Neon_Vision_Eye_MI.png,image/png,223610,2026-04-23T12:54:09Z
Nero,default,Nero_MI.png,https://static.wikia.nocookie.net/nikke-goddess-of-victory-international/images/5/59/Nero_MI.png/revision/latest?cb=20231123052412,nikke_mi_cards\Nero\Nero_MI.png,image/png,211593,2023-11-23T05:24:12Z
Neve,default,Neve_MI.png,https://static.wikia.nocookie.net/nikke-goddess-of-victory-international/images/1/1f/Neve_MI.png/revision/latest?cb=20231123052413,nikke_mi_cards\Neve\Neve_MI.png,image/png,233535,2023-11-23T05:24:13Z
Nihilister,default,Nihilister_MI.png,https://static.wikia.nocookie.net/nikke-goddess-of-victory-international/images/d/d8/Nihilister_MI.png/revision/latest?cb=20231123052414,nikke_mi_cards\Nihilister\Nihilister_MI.png,image/png,223664,2023-11-23T05:24:14Z
Noah,default,Noah_MI.png,https://static.wikia.nocookie.net/nikke-goddess-of-victory-international/images/8/80/Noah_MI.png/revision/latest?cb=20231123052414,nikke_mi_cards\Noah\Noah_MI.png,image/png,195161,2023-11-23T05:24:14Z
Noir,(Baseball Cheerleader),Noir_(Baseball_Cheerleader)_MI.png,https://static.wikia.nocookie.net/nikke-goddess-of-victory-international/images/b/bb/Noir_%28Baseball_Cheerleader%29_MI.png/revision/latest?cb=20250529115815,nikke_mi_cards\Noir\Noir_(Baseball_Cheerleader)_MI.png,image/png,197595,2025-05-29T11:58:15Z
Noir,(Black Rabbit),Noir_(Black_Rabbit)_MI.png,https://static.wikia.nocookie.net/nikke-goddess-of-victory-international/images/2/2f/Noir_%28Black_Rabbit%29_MI.png/revision/latest?cb=20231123064323,nikke_mi_cards\Noir\Noir_(Black_Rabbit)_MI.png,image/png,215737,2023-11-23T06:43:23Z
Noir,default,Noir_MI.png,https://static.wikia.nocookie.net/nikke-goddess-of-victory-international/images/1/14/Noir_MI.png/revision/latest?cb=20231123052415,nikke_mi_cards\Noir\Noir_MI.png,image/png,206056,2023-11-23T05:24:15Z
Noise,(Cherry Blossom Stage),Noise_(Cherry_Blossom_Stage)_MI.png,https://static.wikia.nocookie.net/nikke-goddess-of-victory-international/images/2/2d/Noise_%28Cherry_Blossom_Stage%29_MI.png/revision/latest?cb=20231123052416,nikke_mi_cards\Noise\Noise_(Cherry_Blossom_Stage)_MI.png,image/png,204185,2023-11-23T05:24:16Z
Noise,(Classic Diva),Noise_(Classic_Diva)_MI.png,https://static.wikia.nocookie.net/nikke-goddess-of-victory-international/images/7/73/Noise_%28Classic_Diva%29_MI.png/revision/latest?cb=20231228083718,nikke_mi_cards\Noise\Noise_(Classic_Diva)_MI.png,image/png,205923,2023-12-28T08:37:18Z
Noise,default,Noise_MI.png,https://static.wikia.nocookie.net/nikke-goddess-of-victory-international/images/b/b9/Noise_MI.png/revision/latest?cb=20231123052417,nikke_mi_cards\Noise\Noise_MI.png,image/png,212311,2023-11-23T05:24:17Z
Novel,(Detective Nurse),Novel_(Detective_Nurse)_MI.png,https://static.wikia.nocookie.net/nikke-goddess-of-victory-international/images/5/5e/Novel_%28Detective_Nurse%29_MI.png/revision/latest?cb=20231123052418,nikke_mi_cards\Novel\Novel_(Detective_Nurse)_MI.png,image/png,210690,2023-11-23T05:24:18Z
Novel,(Penguin Holmes),Novel_(Penguin_Holmes)_MI.png,https://static.wikia.nocookie.net/nikke-goddess-of-victory-international/images/1/17/Novel_%28Penguin_Holmes%29_MI.png/revision/latest?cb=20231123052418,nikke_mi_cards\Novel\Novel_(Penguin_Holmes)_MI.png,image/png,205956,2023-11-23T05:24:18Z
Novel,default,Novel_MI.png,https://static.wikia.nocookie.net/nikke-goddess-of-victory-international/images/6/67/Novel_MI.png/revision/latest?cb=20231123052419,nikke_mi_cards\Novel\Novel_MI.png,image/png,253506,2023-11-23T05:24:19Z
Pascal,default,Pascal_MI.png,https://static.wikia.nocookie.net/nikke-goddess-of-victory-international/images/e/eb/Pascal_MI.png/revision/latest?cb=20231123052420,nikke_mi_cards\Pascal\Pascal_MI.png,image/png,137358,2023-11-23T05:24:20Z
Pepper,(Ocean Vitamin),Pepper_(Ocean_Vitamin)_MI.png,https://static.wikia.nocookie.net/nikke-goddess-of-victory-international/images/2/25/Pepper_%28Ocean_Vitamin%29_MI.png/revision/latest?cb=20231123052421,nikke_mi_cards\Pepper\Pepper_(Ocean_Vitamin)_MI.png,image/png,200252,2023-11-23T05:24:21Z
Pepper,default,Pepper_MI.png,https://static.wikia.nocookie.net/nikke-goddess-of-victory-international/images/b/b6/Pepper_MI.png/revision/latest?cb=20231123052422,nikke_mi_cards\Pepper\Pepper_MI.png,image/png,213003,2023-11-23T05:24:22Z
Phantom,default,Phantom_MI.png,https://static.wikia.nocookie.net/nikke-goddess-of-victory-international/images/c/c4/Phantom_MI.png/revision/latest?cb=20240919105145,nikke_mi_cards\Phantom\Phantom_MI.png,image/png,236299,2024-09-19T10:51:45Z
Poli,(Cheer Up Police),Poli_(Cheer_Up_Police)_MI.png,https://static.wikia.nocookie.net/nikke-goddess-of-victory-international/images/4/4c/Poli_%28Cheer_Up_Police%29_MI.png/revision/latest?cb=20240329034203,nikke_mi_cards\Poli\Poli_(Cheer_Up_Police)_MI.png,image/png,193307,2024-03-29T03:42:03Z
Poli,(Sweet Holic),Poli_(Sweet_Holic)_MI.png,https://static.wikia.nocookie.net/nikke-goddess-of-victory-international/images/9/97/Poli_%28Sweet_Holic%29_MI.png/revision/latest?cb=20231123060456,nikke_mi_cards\Poli\Poli_(Sweet_Holic)_MI.png,image/png,220447,2023-11-23T06:04:56Z
Poli,default,Poli_MI.png,https://static.wikia.nocookie.net/nikke-goddess-of-victory-international/images/1/11/Poli_MI.png/revision/latest?cb=20231123052423,nikke_mi_cards\Poli\Poli_MI.png,image/png,221006,2023-11-23T05:24:23Z
Power,default,Power_MI.png,https://static.wikia.nocookie.net/nikke-goddess-of-victory-international/images/4/42/Power_MI.png/revision/latest?cb=20231123052424,nikke_mi_cards\Power\Power_MI.png,image/png,178060,2023-11-23T05:24:24Z
Prika,(Cool Paprika),Prika_(Cool_Paprika)_MI.png,https://static.wikia.nocookie.net/nikke-goddess-of-victory-international/images/6/6f/Prika_%28Cool_Paprika%29_MI.png/revision/latest?cb=20260528103821,nikke_mi_cards\Prika\Prika_(Cool_Paprika)_MI.png,image/png,152528,2026-05-28T10:38:21Z
Prika,default,Prika_MI.png,https://static.wikia.nocookie.net/nikke-goddess-of-victory-international/images/7/74/Prika_MI.png/revision/latest?cb=20260528103809,nikke_mi_cards\Prika\Prika_MI.png,image/png,195650,2026-05-28T10:38:09Z
Privaty,(Banquet Princess),Privaty_(Banquet_Princess)_MI.png,https://static.wikia.nocookie.net/nikke-goddess-of-victory-international/images/4/42/Privaty_%28Banquet_Princess%29_MI.png/revision/latest?cb=20231123052425,nikke_mi_cards\Privaty\Privaty_(Banquet_Princess)_MI.png,image/png,227629,2023-11-23T05:24:25Z
Privaty,(Destined in Blue),Privaty_(Destined_in_Blue)_MI.png,https://static.wikia.nocookie.net/nikke-goddess-of-victory-international/images/5/5c/Privaty_%28Destined_in_Blue%29_MI.png/revision/latest?cb=20250703120637,nikke_mi_cards\Privaty\Privaty_(Destined_in_Blue)_MI.png,image/png,238560,2025-07-03T12:06:37Z
Privaty,(Government Grunt),Privaty_(Government_Grunt)_MI.png,https://static.wikia.nocookie.net/nikke-goddess-of-victory-international/images/d/dd/Privaty_%28Government_Grunt%29_MI.png/revision/latest?cb=20231123052426,nikke_mi_cards\Privaty\Privaty_(Government_Grunt)_MI.png,image/png,215141,2023-11-23T05:24:26Z
Privaty,(Sharp Lesson),Privaty_(Sharp_Lesson)_MI.png,https://static.wikia.nocookie.net/nikke-goddess-of-victory-international/images/5/5a/Privaty_%28Sharp_Lesson%29_MI.png/revision/latest?cb=20260319113011,nikke_mi_cards\Privaty\Privaty_(Sharp_Lesson)_MI.png,image/png,227940,2026-03-19T11:30:11Z
Privaty,default,Privaty_MI.png,https://static.wikia.nocookie.net/nikke-goddess-of-victory-international/images/e/e8/Privaty_MI.png/revision/latest?cb=20231123052426,nikke_mi_cards\Privaty\Privaty_MI.png,image/png,237937,2023-11-23T05:24:26Z
Privaty,Unkind Maid,Privaty_Unkind_Maid_MI.png,https://static.wikia.nocookie.net/nikke-goddess-of-victory-international/images/8/84/Privaty_Unkind_Maid_MI.png/revision/latest?cb=20240212154315,nikke_mi_cards\Privaty\Privaty_Unkind_Maid_MI.png,image/png,230529,2024-02-12T15:43:15Z
Product,08,Product_08_MI.png,https://static.wikia.nocookie.net/nikke-goddess-of-victory-international/images/8/8f/Product_08_MI.png/revision/latest?cb=20231123052427,nikke_mi_cards\Product\Product_08_MI.png,image/png,196903,2023-11-23T05:24:27Z
Product,12,Product_12_MI.png,https://static.wikia.nocookie.net/nikke-goddess-of-victory-international/images/8/85/Product_12_MI.png/revision/latest?cb=20231123052428,nikke_mi_cards\Product\Product_12_MI.png,image/png,186056,2023-11-23T05:24:28Z
Product,23,Product_23_MI.png,https://static.wikia.nocookie.net/nikke-goddess-of-victory-international/images/8/83/Product_23_MI.png/revision/latest?cb=20231123052429,nikke_mi_cards\Product\Product_23_MI.png,image/png,220861,2023-11-23T05:24:29Z
Quency,Escape Queen (Masquerade Swan),Quency_Escape_Queen_(Masquerade_Swan)_MI.png,https://static.wikia.nocookie.net/nikke-goddess-of-victory-international/images/2/2c/Quency_Escape_Queen_%28Masquerade_Swan%29_MI.png/revision/latest?cb=20251230125618,nikke_mi_cards\Quency\Quency_Escape_Queen_(Masquerade_Swan)_MI.png,image/png,190423,2025-12-30T12:56:18Z
Quency,Escape Queen,Quency_Escape_Queen_MI.png,https://static.wikia.nocookie.net/nikke-goddess-of-victory-international/images/0/07/Quency_Escape_Queen_MI.png/revision/latest?cb=20240919105143,nikke_mi_cards\Quency\Quency_Escape_Queen_MI.png,image/png,200480,2024-09-19T10:51:43Z
Quency,default,Quency_MI.png,https://static.wikia.nocookie.net/nikke-goddess-of-victory-international/images/5/5a/Quency_MI.png/revision/latest?cb=20231123052430,nikke_mi_cards\Quency\Quency_MI.png,image/png,231670,2023-11-23T05:24:30Z
Quiry,default,Quiry_MI.png,https://static.wikia.nocookie.net/nikke-goddess-of-victory-international/images/0/0f/Quiry_MI.png/revision/latest?cb=20231123052430,nikke_mi_cards\Quiry\Quiry_MI.png,image/png,209193,2023-11-23T05:24:30Z
Ram,default,Ram_MI.png,https://static.wikia.nocookie.net/nikke-goddess-of-victory-international/images/0/0e/Ram_MI.png/revision/latest?cb=20240322021737,nikke_mi_cards\Ram\Ram_MI.png,image/png,171804,2024-03-22T02:17:37Z
Rapi,(Classic Vacation),Rapi_(Classic_Vacation)_MI.png,https://static.wikia.nocookie.net/nikke-goddess-of-victory-international/images/7/77/Rapi_%28Classic_Vacation%29_MI.png/revision/latest?cb=20231123052431,nikke_mi_cards\Rapi\Rapi_(Classic_Vacation)_MI.png,image/png,208707,2023-11-23T05:24:31Z
Rapi,(White Promise),Rapi_(White_Promise)_MI.png,https://static.wikia.nocookie.net/nikke-goddess-of-victory-international/images/d/d3/Rapi_%28White_Promise%29_MI.png/revision/latest?cb=20231123052432,nikke_mi_cards\Rapi\Rapi_(White_Promise)_MI.png,image/png,258427,2023-11-23T05:24:32Z
Rapi,default,Rapi_MI.png,https://static.wikia.nocookie.net/nikke-goddess-of-victory-international/images/8/82/Rapi_MI.png/revision/latest?cb=20231123043651,nikke_mi_cards\Rapi\Rapi_MI.png,image/png,221562,2023-11-23T04:36:51Z
Rapi,Red Hood (Cherished Red),Rapi_Red_Hood_(Cherished_Red)_MI.png,https://static.wikia.nocookie.net/nikke-goddess-of-victory-international/images/b/bb/Rapi_Red_Hood_%28Cherished_Red%29_MI.png/revision/latest?cb=20251016114753,nikke_mi_cards\Rapi\Rapi_Red_Hood_(Cherished_Red)_MI.png,image/png,187577,2025-10-16T11:47:53Z
Rapi,Red Hood (Red Flavor),Rapi_Red_Hood_(Red_Flavor)_MI.png,https://static.wikia.nocookie.net/nikke-goddess-of-victory-international/images/3/31/Rapi_Red_Hood_%28Red_Flavor%29_MI.png/revision/latest?cb=20250717104741,nikke_mi_cards\Rapi\Rapi_Red_Hood_(Red_Flavor)_MI.png,image/png,205882,2025-07-17T10:47:41Z
Rapi,Red Hood (Shining Light),Rapi_Red_Hood_(Shining_Light)_MI.png,https://static.wikia.nocookie.net/nikke-goddess-of-victory-international/images/8/85/Rapi_Red_Hood_%28Shining_Light%29_MI.png/revision/latest?cb=20260423125408,nikke_mi_cards\Rapi\Rapi_Red_Hood_(Shining_Light)_MI.png,image/png,228358,2026-04-23T12:54:08Z
Rapi,Red Hood,Rapi_Red_Hood_MI.png,https://static.wikia.nocookie.net/nikke-goddess-of-victory-international/images/c/c5/Rapi_Red_Hood_MI.png/revision/latest?cb=20241226095930,nikke_mi_cards\Rapi\Rapi_Red_Hood_MI.png,image/png,249982,2024-12-26T09:59:30Z
Rapunzel,default,Rapunzel_MI.png,https://static.wikia.nocookie.net/nikke-goddess-of-victory-international/images/c/c9/Rapunzel_MI.png/revision/latest?cb=20231123052434,nikke_mi_cards\Rapunzel\Rapunzel_MI.png,image/png,216546,2023-11-23T05:24:34Z
Rapunzel,Pure Grace,Rapunzel_Pure_Grace_MI.png,https://static.wikia.nocookie.net/nikke-goddess-of-victory-international/images/b/b7/Rapunzel_Pure_Grace_MI.png/revision/latest?cb=20241031011939,nikke_mi_cards\Rapunzel\Rapunzel_Pure_Grace_MI.png,image/png,205171,2024-10-31T01:19:39Z
Raven,(Midsummer Alice),Raven_(Midsummer_Alice)_MI.png,https://static.wikia.nocookie.net/nikke-goddess-of-victory-international/images/9/9b/Raven_%28Midsummer_Alice%29_MI.png/revision/latest?cb=20250612150310,nikke_mi_cards\Raven\Raven_(Midsummer_Alice)_MI.png,image/png,186362,2025-06-12T15:03:10Z
Raven,(Planet Diving Suit (6th) V2),Raven_(Planet_Diving_Suit_(6th)_V2)_MI.png,https://static.wikia.nocookie.net/nikke-goddess-of-victory-international/images/8/82/Raven_%28Planet_Diving_Suit_%286th%29_V2%29_MI.png/revision/latest?cb=20250612150309,nikke_mi_cards\Raven\Raven_(Planet_Diving_Suit_(6th)_V2)_MI.png,image/png,192361,2025-06-12T15:03:09Z
Raven,default,Raven_MI.png,https://static.wikia.nocookie.net/nikke-goddess-of-victory-international/images/0/02/Raven_MI.png/revision/latest?cb=20250612150313,nikke_mi_cards\Raven\Raven_MI.png,image/png,199853,2025-06-12T15:03:13Z
Red,Hood (Nonsense Red),Red_Hood_(Nonsense_Red)_MI.png,https://static.wikia.nocookie.net/nikke-goddess-of-victory-international/images/f/fc/Red_Hood_%28Nonsense_Red%29_MI.png/revision/latest?cb=20240919105225,nikke_mi_cards\Red\Red_Hood_(Nonsense_Red)_MI.png,image/png,218237,2024-09-19T10:52:25Z
Red,Hood (Retro Days),Red_Hood_(Retro_Days)_MI.png,https://static.wikia.nocookie.net/nikke-goddess-of-victory-international/images/a/aa/Red_Hood_%28Retro_Days%29_MI.png/revision/latest?cb=20251030193320,nikke_mi_cards\Red\Red_Hood_(Retro_Days)_MI.png,image/png,215309,2025-10-30T19:33:20Z
Red,Hood,Red_Hood_MI.png,https://static.wikia.nocookie.net/nikke-goddess-of-victory-international/images/c/ca/Red_Hood_MI.png/revision/latest?cb=20231123052435,nikke_mi_cards\Red\Red_Hood_MI.png,image/png,211199,2023-11-23T05:24:35Z
Rei,(Peaceful Vacation),Rei_(Peaceful_Vacation)_MI.png,https://static.wikia.nocookie.net/nikke-goddess-of-victory-international/images/0/06/Rei_%28Peaceful_Vacation%29_MI.png/revision/latest?cb=20240822020251,nikke_mi_cards\Rei\Rei_(Peaceful_Vacation)_MI.png,image/png,177750,2024-08-22T02:02:51Z
Rei,(Rei's School Uniform),Rei_(Rei's_School_Uniform)_MI.png,https://static.wikia.nocookie.net/nikke-goddess-of-victory-international/images/8/81/Rei_%28Rei%27s_School_Uniform%29_MI.png/revision/latest?cb=20240822020244,nikke_mi_cards\Rei\Rei_(Rei's_School_Uniform)_MI.png,image/png,165305,2024-08-22T02:02:44Z
Rei,(Tentative Name) (Miss Lookalike from Village-3),Rei_(Tentative_Name)_(Miss_Lookalike_from_Village-3)_MI.png,https://static.wikia.nocookie.net/nikke-goddess-of-victory-international/images/5/5d/Rei_%28Tentative_Name%29_%28Miss_Lookalike_from_Village-3%29_MI.png/revision/latest?cb=20250220145641,nikke_mi_cards\Rei\Rei_(Tentative_Name)_(Miss_Lookalike_from_Village-3)_MI.png,image/png,168342,2025-02-20T14:56:41Z
Rei,(Tentative Name) (Soul Connect),Rei_(Tentative_Name)_(Soul_Connect)_MI.png,https://static.wikia.nocookie.net/nikke-goddess-of-victory-international/images/6/69/Rei_%28Tentative_Name%29_%28Soul_Connect%29_MI.png/revision/latest?cb=20250220145640,nikke_mi_cards\Rei\Rei_(Tentative_Name)_(Soul_Connect)_MI.png,image/png,153145,2025-02-20T14:56:40Z
Rei,(Tentative Name),Rei_(Tentative_Name)_MI.png,https://static.wikia.nocookie.net/nikke-goddess-of-victory-international/images/3/34/Rei_%28Tentative_Name%29_MI.png/revision/latest?cb=20250220145634,nikke_mi_cards\Rei\Rei_(Tentative_Name)_MI.png,image/png,147846,2025-02-20T14:56:34Z
Rei,Ayanami,Rei_Ayanami_MI.png,https://static.wikia.nocookie.net/nikke-goddess-of-victory-international/images/f/fe/Rei_Ayanami_MI.png/revision/latest?cb=20240822020250,nikke_mi_cards\Rei\Rei_Ayanami_MI.png,image/png,170971,2024-08-22T02:02:50Z
Rei,default,Rei_MI.png,https://static.wikia.nocookie.net/nikke-goddess-of-victory-international/images/e/e4/Rei_MI.png/revision/latest?cb=20231123052435,nikke_mi_cards\Rei\Rei_MI.png,image/png,218328,2023-11-23T05:24:35Z
Rem,(Handy Maid),Rem_(Handy_Maid)_MI.png,https://static.wikia.nocookie.net/nikke-goddess-of-victory-international/images/6/63/Rem_%28Handy_Maid%29_MI.png/revision/latest?cb=20240322021509,nikke_mi_cards\Rem\Rem_(Handy_Maid)_MI.png,image/png,170308,2024-03-22T02:15:09Z
Rem,(Pure Blossom),Rem_(Pure_Blossom)_MI.png,https://static.wikia.nocookie.net/nikke-goddess-of-victory-international/images/2/2a/Rem_%28Pure_Blossom%29_MI.png/revision/latest?cb=20240322021552,nikke_mi_cards\Rem\Rem_(Pure_Blossom)_MI.png,image/png,165611,2024-03-22T02:15:52Z
Rem,default,Rem_MI.png,https://static.wikia.nocookie.net/nikke-goddess-of-victory-international/images/8/82/Rem_MI.png/revision/latest?cb=20240322021408,nikke_mi_cards\Rem\Rem_MI.png,image/png,166896,2024-03-22T02:14:08Z
Rosanna,(Ms. Dangerous),Rosanna_(Ms._Dangerous)_MI.png,https://static.wikia.nocookie.net/nikke-goddess-of-victory-international/images/5/5c/Rosanna_%28Ms._Dangerous%29_MI.png/revision/latest?cb=20240329034008,nikke_mi_cards\Rosanna\Rosanna_(Ms._Dangerous)_MI.png,image/png,153823,2024-03-29T03:40:08Z
Rosanna,Chic Ocean,Rosanna_Chic_Ocean_MI.png,https://static.wikia.nocookie.net/nikke-goddess-of-victory-international/images/b/b0/Rosanna_Chic_Ocean_MI.png/revision/latest?cb=20240704105815,nikke_mi_cards\Rosanna\Rosanna_Chic_Ocean_MI.png,image/png,192595,2024-07-04T10:58:15Z
Rosanna,default,Rosanna_MI.png,https://static.wikia.nocookie.net/nikke-goddess-of-victory-international/images/b/b8/Rosanna_MI.png/revision/latest?cb=20231123052436,nikke_mi_cards\Rosanna\Rosanna_MI.png,image/png,217331,2023-11-23T05:24:36Z
Rouge,(Unlucky Rabbit),Rouge_(Unlucky_Rabbit)_MI.png,https://static.wikia.nocookie.net/nikke-goddess-of-victory-international/images/5/52/Rouge_%28Unlucky_Rabbit%29_MI.png/revision/latest?cb=20250904111137,nikke_mi_cards\Rouge\Rouge_(Unlucky_Rabbit)_MI.png,image/png,186112,2025-09-04T11:11:37Z
Rouge,default,Rouge_MI.png,https://static.wikia.nocookie.net/nikke-goddess-of-victory-international/images/1/1a/Rouge_MI.png/revision/latest?cb=20240919110106,nikke_mi_cards\Rouge\Rouge_MI.png,image/png,172842,2024-09-19T11:01:06Z
Rumani,default,Rumani_MI.png,https://static.wikia.nocookie.net/nikke-goddess-of-victory-international/images/9/91/Rumani_MI.png/revision/latest?cb=20241017093525,nikke_mi_cards\Rumani\Rumani_MI.png,image/png,196444,2024-10-17T09:35:25Z
Rupee,(Rabbit Deluxe),Rupee_(Rabbit_Deluxe)_MI.png,https://static.wikia.nocookie.net/nikke-goddess-of-victory-international/images/c/cf/Rupee_%28Rabbit_Deluxe%29_MI.png/revision/latest?cb=20231123052437,nikke_mi_cards\Rupee\Rupee_(Rabbit_Deluxe)_MI.png,image/png,216604,2023-11-23T05:24:37Z
Rupee,default,Rupee_MI.png,https://static.wikia.nocookie.net/nikke-goddess-of-victory-international/images/a/a1/Rupee_MI.png/revision/latest?cb=20231123052438,nikke_mi_cards\Rupee\Rupee_MI.png,image/png,228896,2023-11-23T05:24:38Z
Rupee,Winter Shopper,Rupee_Winter_Shopper_MI.png,https://static.wikia.nocookie.net/nikke-goddess-of-victory-international/images/7/70/Rupee_Winter_Shopper_MI.png/revision/latest?cb=20231123052439,nikke_mi_cards\Rupee\Rupee_Winter_Shopper_MI.png,image/png,252182,2023-11-23T05:24:39Z
Sakura,(Midnight Stealth),Sakura_(Midnight_Stealth)_MI.png,https://static.wikia.nocookie.net/nikke-goddess-of-victory-international/images/0/06/Sakura_%28Midnight_Stealth%29_MI.png/revision/latest?cb=20231123052440,nikke_mi_cards\Sakura\Sakura_(Midnight_Stealth)_MI.png,image/png,203218,2023-11-23T05:24:40Z
Sakura,Bloom in Summer,Sakura_Bloom_in_Summer_MI.png,https://static.wikia.nocookie.net/nikke-goddess-of-victory-international/images/6/64/Sakura_Bloom_in_Summer_MI.png/revision/latest?cb=20240704105135,nikke_mi_cards\Sakura\Sakura_Bloom_in_Summer_MI.png,image/png,201199,2024-07-04T10:51:35Z
Sakura,default,Sakura_MI.png,https://static.wikia.nocookie.net/nikke-goddess-of-victory-international/images/f/f9/Sakura_MI.png/revision/latest?cb=20231123052440,nikke_mi_cards\Sakura\Sakura_MI.png,image/png,243350,2023-11-23T05:24:40Z
Sakura,Suzuhara,Sakura_Suzuhara_MI.png,https://static.wikia.nocookie.net/nikke-goddess-of-victory-international/images/5/51/Sakura_Suzuhara_MI.png/revision/latest?cb=20250220153551,nikke_mi_cards\Sakura\Sakura_Suzuhara_MI.png,image/png,183508,2025-02-20T15:35:51Z
Scarlet,(Racer's High),Scarlet_(Racer's_High)_MI.png,https://static.wikia.nocookie.net/nikke-goddess-of-victory-international/images/b/b1/Scarlet_%28Racer%27s_High%29_MI.png/revision/latest?cb=20250612142436,nikke_mi_cards\Scarlet\Scarlet_(Racer's_High)_MI.png,image/png,204544,2025-06-12T14:24:36Z
Scarlet,Black Shadow (Longing Flower),Scarlet_Black_Shadow_(Longing_Flower)_MI.png,https://static.wikia.nocookie.net/nikke-goddess-of-victory-international/images/8/81/Scarlet_Black_Shadow_%28Longing_Flower%29_MI.png/revision/latest?cb=20241031011734,nikke_mi_cards\Scarlet\Scarlet_Black_Shadow_(Longing_Flower)_MI.png,image/png,207211,2024-10-31T01:17:34Z
Scarlet,Black Shadow,Scarlet_Black_Shadow_MI.png,https://static.wikia.nocookie.net/nikke-goddess-of-victory-international/images/d/d9/Scarlet_Black_Shadow_MI.png/revision/latest?cb=20231228082455,nikke_mi_cards\Scarlet\Scarlet_Black_Shadow_MI.png,image/png,226974,2023-12-28T08:24:55Z
Scarlet,default,Scarlet_MI.png,https://static.wikia.nocookie.net/nikke-goddess-of-victory-international/images/4/45/Scarlet_MI.png/revision/latest?cb=20231123052441,nikke_mi_cards\Scarlet\Scarlet_MI.png,image/png,208133,2023-11-23T05:24:41Z
Shifty,default,Shifty_MI.png,https://static.wikia.nocookie.net/nikke-goddess-of-victory-international/images/d/d9/Shifty_MI.png/revision/latest?cb=20240402230301,nikke_mi_cards\Shifty\Shifty_MI.png,image/png,233249,2024-04-02T23:03:01Z
Signal,(Dramatic Chocolate),Signal_(Dramatic_Chocolate)_MI.png,https://static.wikia.nocookie.net/nikke-goddess-of-victory-international/images/3/3f/Signal_%28Dramatic_Chocolate%29_MI.png/revision/latest?cb=20231123052442,nikke_mi_cards\Signal\Signal_(Dramatic_Chocolate)_MI.png,image/png,216422,2023-11-23T05:24:42Z
Signal,default,Signal_MI.png,https://static.wikia.nocookie.net/nikke-goddess-of-victory-international/images/f/f3/Signal_MI.png/revision/latest?cb=20231123052443,nikke_mi_cards\Signal\Signal_MI.png,image/png,231060,2023-11-23T05:24:43Z
Sin,(Backstreet Dream),Sin_(Backstreet_Dream)_MI.png,https://static.wikia.nocookie.net/nikke-goddess-of-victory-international/images/9/9a/Sin_%28Backstreet_Dream%29_MI.png/revision/latest?cb=20250123134903,nikke_mi_cards\Sin\Sin_(Backstreet_Dream)_MI.png,image/png,192280,2025-01-23T13:49:03Z
Sin,default,Sin_MI.png,https://static.wikia.nocookie.net/nikke-goddess-of-victory-international/images/4/48/Sin_MI.png/revision/latest?cb=20231123052444,nikke_mi_cards\Sin\Sin_MI.png,image/png,207629,2023-11-23T05:24:44Z
Snow,Crane,Snow_Crane_MI.png,https://static.wikia.nocookie.net/nikke-goddess-of-victory-international/images/f/f7/Snow_Crane_MI.png/revision/latest?cb=20260409062217,nikke_mi_cards\Snow\Snow_Crane_MI.png,image/png,188529,2026-04-09T06:22:17Z
Snow,White (White Knight),Snow_White_(White_Knight)_MI.png,https://static.wikia.nocookie.net/nikke-goddess-of-victory-international/images/7/72/Snow_White_%28White_Knight%29_MI.png/revision/latest?cb=20240425072544,nikke_mi_cards\Snow\Snow_White_(White_Knight)_MI.png,image/png,177010,2024-04-25T07:25:44Z
Snow,White Heavy Arms,Snow_White_Heavy_Arms_MI.png,https://static.wikia.nocookie.net/nikke-goddess-of-victory-international/images/a/a8/Snow_White_Heavy_Arms_MI.png/revision/latest?cb=20251230130412,nikke_mi_cards\Snow\Snow_White_Heavy_Arms_MI.png,image/png,199987,2025-12-30T13:04:12Z
Snow,White Innocent Days,Snow_White_Innocent_Days_MI.png,https://static.wikia.nocookie.net/nikke-goddess-of-victory-international/images/a/a7/Snow_White_Innocent_Days_MI.png/revision/latest?cb=20231123052444,nikke_mi_cards\Snow\Snow_White_Innocent_Days_MI.png,image/png,206423,2023-11-23T05:24:44Z
Snow,White,Snow_White_MI.png,https://static.wikia.nocookie.net/nikke-goddess-of-victory-international/images/2/24/Snow_White_MI.png/revision/latest?cb=20231123052445,nikke_mi_cards\Snow\Snow_White_MI.png,image/png,200239,2023-11-23T05:24:45Z
Soda,default,Soda_MI.png,https://static.wikia.nocookie.net/nikke-goddess-of-victory-international/images/7/76/Soda_MI.png/revision/latest?cb=20231123052446,nikke_mi_cards\Soda\Soda_MI.png,image/png,222011,2023-11-23T05:24:46Z
Soda,Twinkling Bunny,Soda_Twinkling_Bunny_MI.png,https://static.wikia.nocookie.net/nikke-goddess-of-victory-international/images/3/39/Soda_Twinkling_Bunny_MI.png/revision/latest?cb=20240530180148,nikke_mi_cards\Soda\Soda_Twinkling_Bunny_MI.png,image/png,227767,2024-05-30T18:01:48Z
Soldier,EG,Soldier_EG_MI.png,https://static.wikia.nocookie.net/nikke-goddess-of-victory-international/images/8/8c/Soldier_EG_MI.png/revision/latest?cb=20231123052447,nikke_mi_cards\Soldier\Soldier_EG_MI.png,image/png,230644,2023-11-23T05:24:47Z
Soldier,FA,Soldier_FA_MI.png,https://static.wikia.nocookie.net/nikke-goddess-of-victory-international/images/e/e0/Soldier_FA_MI.png/revision/latest?cb=20231123052448,nikke_mi_cards\Soldier\Soldier_FA_MI.png,image/png,258092,2023-11-23T05:24:48Z
Soldier,OW,Soldier_OW_MI.png,https://static.wikia.nocookie.net/nikke-goddess-of-victory-international/images/a/a2/Soldier_OW_MI.png/revision/latest?cb=20231123052448,nikke_mi_cards\Soldier\Soldier_OW_MI.png,image/png,188079,2023-11-23T05:24:48Z
Soline,Frost Ticket,Soline_Frost_Ticket_MI.png,https://static.wikia.nocookie.net/nikke-goddess-of-victory-international/images/1/1c/Soline_Frost_Ticket_MI.png/revision/latest?cb=20251120122516,nikke_mi_cards\Soline\Soline_Frost_Ticket_MI.png,image/png,195640,2025-11-20T12:25:16Z
Soline,default,Soline_MI.png,https://static.wikia.nocookie.net/nikke-goddess-of-victory-international/images/4/4e/Soline_MI.png/revision/latest?cb=20231123052449,nikke_mi_cards\Soline\Soline_MI.png,image/png,246413,2023-11-23T05:24:49Z
Sora,(Spring Flight),Sora_(Spring_Flight)_MI.png,https://static.wikia.nocookie.net/nikke-goddess-of-victory-international/images/2/21/Sora_%28Spring_Flight%29_MI.png/revision/latest?cb=20260319114444,nikke_mi_cards\Sora\Sora_(Spring_Flight)_MI.png,image/png,166415,2026-03-19T11:44:44Z
Sora,default,Sora_MI.png,https://static.wikia.nocookie.net/nikke-goddess-of-victory-international/images/7/7c/Sora_MI.png/revision/latest?cb=20250703115915,nikke_mi_cards\Sora\Sora_MI.png,image/png,167813,2025-07-03T11:59:15Z
Sugar,(Hard-Boiled),Sugar_(Hard-Boiled)_MI.png,https://static.wikia.nocookie.net/nikke-goddess-of-victory-international/images/f/f3/Sugar_%28Hard-Boiled%29_MI.png/revision/latest?cb=20231123052450,nikke_mi_cards\Sugar\Sugar_(Hard-Boiled)_MI.png,image/png,224587,2023-11-23T05:24:50Z
Sugar,(Wild Backyard),Sugar_(Wild_Backyard)_MI.png,https://static.wikia.nocookie.net/nikke-goddess-of-victory-international/images/5/5b/Sugar_%28Wild_Backyard%29_MI.png/revision/latest?cb=20240111153425,nikke_mi_cards\Sugar\Sugar_(Wild_Backyard)_MI.png,image/png,180906,2024-01-11T15:34:25Z
Sugar,default,Sugar_MI.png,https://static.wikia.nocookie.net/nikke-goddess-of-victory-international/images/a/ad/Sugar_MI.png/revision/latest?cb=20231123052451,nikke_mi_cards\Sugar\Sugar_MI.png,image/png,211358,2023-11-23T05:24:51Z
Syuen,default,Syuen_MI.png,https://static.wikia.nocookie.net/nikke-goddess-of-victory-international/images/3/3a/Syuen_MI.png/revision/latest?cb=20240402230212,nikke_mi_cards\Syuen\Syuen_MI.png,image/png,209511,2024-04-02T23:02:12Z
Takina,Inoue (Blue Pulse Bass),Takina_Inoue_(Blue_Pulse_Bass)_MI.png,https://static.wikia.nocookie.net/nikke-goddess-of-victory-international/images/9/97/Takina_Inoue_%28Blue_Pulse_Bass%29_MI.png/revision/latest?cb=20260212131618,nikke_mi_cards\Takina\Takina_Inoue_(Blue_Pulse_Bass)_MI.png,image/png,196838,2026-02-12T13:16:18Z
Takina,Inoue (DA Training Wear (Second)),Takina_Inoue_(DA_Training_Wear_(Second))_MI.png,https://static.wikia.nocookie.net/nikke-goddess-of-victory-international/images/0/08/Takina_Inoue_%28DA_Training_Wear_%28Second%29%29_MI.png/revision/latest?cb=20260212131615,nikke_mi_cards\Takina\Takina_Inoue_(DA_Training_Wear_(Second))_MI.png,image/png,178803,2026-02-12T13:16:15Z
Takina,Inoue,Takina_Inoue_MI.png,https://static.wikia.nocookie.net/nikke-goddess-of-victory-international/images/3/3b/Takina_Inoue_MI.png/revision/latest?cb=20260212131617,nikke_mi_cards\Takina\Takina_Inoue_MI.png,image/png,194339,2026-02-12T13:16:17Z
Tia,(Lovely Date),Tia_(Lovely_Date)_MI.png,https://static.wikia.nocookie.net/nikke-goddess-of-victory-international/images/8/81/Tia_%28Lovely_Date%29_MI.png/revision/latest?cb=20240725131722,nikke_mi_cards\Tia\Tia_(Lovely_Date)_MI.png,image/png,190594,2024-07-25T13:17:22Z
Tia,(Sweet Chef),Tia_(Sweet_Chef)_MI.png,https://static.wikia.nocookie.net/nikke-goddess-of-victory-international/images/d/da/Tia_%28Sweet_Chef%29_MI.png/revision/latest?cb=20250328030222,nikke_mi_cards\Tia\Tia_(Sweet_Chef)_MI.png,image/png,177238,2025-03-28T03:02:22Z
Tia,default,Tia_MI.png,https://static.wikia.nocookie.net/nikke-goddess-of-victory-international/images/5/59/Tia_MI.png/revision/latest?cb=20231123052452,nikke_mi_cards\Tia\Tia_MI.png,image/png,219020,2023-11-23T05:24:52Z
Tove,(Baseball Fan),Tove_(Baseball_Fan)_MI.png,https://static.wikia.nocookie.net/nikke-goddess-of-victory-international/images/c/c3/Tove_%28Baseball_Fan%29_MI.png/revision/latest?cb=20240919105144,nikke_mi_cards\Tove\Tove_(Baseball_Fan)_MI.png,image/png,188539,2024-09-19T10:51:44Z
Tove,(Sunblaze),Tove_(Sunblaze)_MI.png,https://static.wikia.nocookie.net/nikke-goddess-of-victory-international/images/6/64/Tove_%28Sunblaze%29_MI.png/revision/latest?cb=20250717110605,nikke_mi_cards\Tove\Tove_(Sunblaze)_MI.png,image/png,136044,2025-07-17T11:06:05Z
Tove,default,Tove_MI.png,https://static.wikia.nocookie.net/nikke-goddess-of-victory-international/images/7/7d/Tove_MI.png/revision/latest?cb=20231123052452,nikke_mi_cards\Tove\Tove_MI.png,image/png,196698,2023-11-23T05:24:52Z
Trina,(Natural White),Trina_(Natural_White)_MI.png,https://static.wikia.nocookie.net/nikke-goddess-of-victory-international/images/4/4a/Trina_%28Natural_White%29_MI.png/revision/latest?cb=20260530154159,nikke_mi_cards\Trina\Trina_(Natural_White)_MI.png,image/png,201745,2026-05-30T15:41:59Z
Trina,default,Trina_MI.png,https://static.wikia.nocookie.net/nikke-goddess-of-victory-international/images/f/fa/Trina_MI.png/revision/latest?cb=20250313140718,nikke_mi_cards\Trina\Trina_MI.png,image/png,205639,2025-03-13T14:07:18Z
Trony,(Sweet Step),Trony_(Sweet_Step)_MI.png,https://static.wikia.nocookie.net/nikke-goddess-of-victory-international/images/a/ab/Trony_%28Sweet_Step%29_MI.png/revision/latest?cb=20250123134614,nikke_mi_cards\Trony\Trony_(Sweet_Step)_MI.png,image/png,188322,2025-01-23T13:46:14Z
Trony,default,Trony_MI.png,https://static.wikia.nocookie.net/nikke-goddess-of-victory-international/images/1/10/Trony_MI.png/revision/latest?cb=20240516113125,nikke_mi_cards\Trony\Trony_MI.png,image/png,148310,2024-05-16T11:31:25Z
Unknown,default,Unknown_MI.png,https://static.wikia.nocookie.net/nikke-goddess-of-victory-international/images/5/5f/Unknown_MI.png/revision/latest?cb=20231123052453,nikke_mi_cards\Unknown\Unknown_MI.png,image/png,12882,2023-11-23T05:24:53Z
Velvet,(Sensual Rabbit),Velvet_(Sensual_Rabbit)_MI.png,https://static.wikia.nocookie.net/nikke-goddess-of-victory-international/images/2/2a/Velvet_%28Sensual_Rabbit%29_MI.png/revision/latest?cb=20260129123054,nikke_mi_cards\Velvet\Velvet_(Sensual_Rabbit)_MI.png,image/png,233650,2026-01-29T12:30:54Z
Velvet,default,Velvet_MI.png,https://static.wikia.nocookie.net/nikke-goddess-of-victory-international/images/1/15/Velvet_MI.png/revision/latest?cb=20260129123051,nikke_mi_cards\Velvet\Velvet_MI.png,image/png,201237,2026-01-29T12:30:51Z
Vesti,(Ark Mage),Vesti_(Ark_Mage)_MI.png,https://static.wikia.nocookie.net/nikke-goddess-of-victory-international/images/8/8a/Vesti_%28Ark_Mage%29_MI.png/revision/latest?cb=20241205125759,nikke_mi_cards\Vesti\Vesti_(Ark_Mage)_MI.png,image/png,230227,2024-12-05T12:57:59Z
Vesti,default,Vesti_MI.png,https://static.wikia.nocookie.net/nikke-goddess-of-victory-international/images/7/7a/Vesti_MI.png/revision/latest?cb=20231123052454,nikke_mi_cards\Vesti\Vesti_MI.png,image/png,208610,2023-11-23T05:24:54Z
Vesti,Tactical Upgrade (Pure Beginner),Vesti_Tactical_Upgrade_(Pure_Beginner)_MI.png,https://static.wikia.nocookie.net/nikke-goddess-of-victory-international/images/f/fc/Vesti_Tactical_Upgrade_%28Pure_Beginner%29_MI.png/revision/latest?cb=20260319113916,nikke_mi_cards\Vesti\Vesti_Tactical_Upgrade_(Pure_Beginner)_MI.png,image/png,166680,2026-03-19T11:39:16Z
Vesti,Tactical Upgrade,Vesti_Tactical_Upgrade_MI.png,https://static.wikia.nocookie.net/nikke-goddess-of-victory-international/images/c/ce/Vesti_Tactical_Upgrade_MI.png/revision/latest?cb=20250807104551,nikke_mi_cards\Vesti\Vesti_Tactical_Upgrade_MI.png,image/png,186484,2025-08-07T10:45:51Z
Viper,(Punky Street),Viper_(Punky_Street)_MI.png,https://static.wikia.nocookie.net/nikke-goddess-of-victory-international/images/6/64/Viper_%28Punky_Street%29_MI.png/revision/latest?cb=20260319113402,nikke_mi_cards\Viper\Viper_(Punky_Street)_MI.png,image/png,204165,2026-03-19T11:34:02Z
Viper,(Shine of Love),Viper_(Shine_of_Love)_MI.png,https://static.wikia.nocookie.net/nikke-goddess-of-victory-international/images/f/f7/Viper_%28Shine_of_Love%29_MI.png/revision/latest?cb=20240704112457,nikke_mi_cards\Viper\Viper_(Shine_of_Love)_MI.png,image/png,217264,2024-07-04T11:24:57Z
Viper,(Toxic Rabbit),Viper_(Toxic_Rabbit)_MI.png,https://static.wikia.nocookie.net/nikke-goddess-of-victory-international/images/3/38/Viper_%28Toxic_Rabbit%29_MI.png/revision/latest?cb=20231123052455,nikke_mi_cards\Viper\Viper_(Toxic_Rabbit)_MI.png,image/png,212380,2023-11-23T05:24:55Z
Viper,default,Viper_MI.png,https://static.wikia.nocookie.net/nikke-goddess-of-victory-international/images/a/a4/Viper_MI.png/revision/latest?cb=20231123052455,nikke_mi_cards\Viper\Viper_MI.png,image/png,223403,2023-11-23T05:24:55Z
Volume,(Beat the Gun),Volume_(Beat_the_Gun)_MI.png,https://static.wikia.nocookie.net/nikke-goddess-of-victory-international/images/a/a0/Volume_%28Beat_the_Gun%29_MI.png/revision/latest?cb=20241121145056,nikke_mi_cards\Volume\Volume_(Beat_the_Gun)_MI.png,image/png,216118,2024-11-21T14:50:56Z
Volume,default,Volume_MI.png,https://static.wikia.nocookie.net/nikke-goddess-of-victory-international/images/7/72/Volume_MI.png/revision/latest?cb=20231123052456,nikke_mi_cards\Volume\Volume_MI.png,image/png,223819,2023-11-23T05:24:56Z
Yan,(Sunrise Market),Yan_(Sunrise_Market)_MI.png,https://static.wikia.nocookie.net/nikke-goddess-of-victory-international/images/b/b4/Yan_%28Sunrise_Market%29_MI.png/revision/latest?cb=20231123052457,nikke_mi_cards\Yan\Yan_(Sunrise_Market)_MI.png,image/png,191709,2023-11-23T05:24:57Z
Yan,default,Yan_MI.png,https://static.wikia.nocookie.net/nikke-goddess-of-victory-international/images/5/54/Yan_MI.png/revision/latest?cb=20231123052458,nikke_mi_cards\Yan\Yan_MI.png,image/png,203140,2023-11-23T05:24:58Z
Yulha,default,Yulha_MI.png,https://static.wikia.nocookie.net/nikke-goddess-of-victory-international/images/2/2b/Yulha_MI.png/revision/latest?cb=20231123052459,nikke_mi_cards\Yulha\Yulha_MI.png,image/png,205598,2023-11-23T05:24:59Z
Yuni,(Pretty in Pink),Yuni_(Pretty_in_Pink)_MI.png,https://static.wikia.nocookie.net/nikke-goddess-of-victory-international/images/8/88/Yuni_%28Pretty_in_Pink%29_MI.png/revision/latest?cb=20231123052500,nikke_mi_cards\Yuni\Yuni_(Pretty_in_Pink)_MI.png,image/png,220947,2023-11-23T05:25:00Z
Yuni,default,Yuni_MI.png,https://static.wikia.nocookie.net/nikke-goddess-of-victory-international/images/3/3f/Yuni_MI.png/revision/latest?cb=20231123052500,nikke_mi_cards\Yuni\Yuni_MI.png,image/png,200497,2023-11-23T05:25:00Z
Zwei,(First Festa),Zwei_(First_Festa)_MI.png,https://static.wikia.nocookie.net/nikke-goddess-of-victory-international/images/8/8f/Zwei_%28First_Festa%29_MI.png/revision/latest?cb=20241227012435,nikke_mi_cards\Zwei\Zwei_(First_Festa)_MI.png,image/png,188850,2024-12-27T01:24:35Z
Zwei,(Spring Stroll),Zwei_(Spring_Stroll)_MI.png,https://static.wikia.nocookie.net/nikke-goddess-of-victory-international/images/9/93/Zwei_%28Spring_Stroll%29_MI.png/revision/latest?cb=20260212125746,nikke_mi_cards\Zwei\Zwei_(Spring_Stroll)_MI.png,image/png,168219,2026-02-12T12:57:46Z
Zwei,default,Zwei_MI.png,https://static.wikia.nocookie.net/nikke-goddess-of-victory-international/images/9/98/Zwei_MI.png/revision/latest?cb=20240808084948,nikke_mi_cards\Zwei\Zwei_MI.png,image/png,172305,2024-08-08T08:49:48Z
